{"type":"FeatureCollection","crs":{"type":"name","properties":{"name":"EPSG:4326"}},"features":[{"type":"Feature","geometry":{"type":"Polygon","coordinates":[[[-70.7332646999999,-33.4497090361318],[-70.7332504349999,-33.4501917031318],[-70.7327606389999,-33.4500407341318],[-70.732567724,-33.4499757951318],[-70.732534417,-33.4499663461318],[-70.732529858,-33.4499650521318],[-70.732524261,-33.4499648951318],[-70.73226002,-33.4499574621318],[-70.732230027,-33.4500099161318],[-70.732238282,-33.4509284531318],[-70.7322245139999,-33.4510086541318],[-70.73217168,-33.4510229201317],[-70.7317534909999,-33.4510242541317],[-70.731769153,-33.4510510891318],[-70.731778698,-33.4511591731317],[-70.7317807539999,-33.4511689571318],[-70.731820284,-33.4513569901318],[-70.731871102,-33.4514780241318],[-70.7316967579999,-33.4514849691318],[-70.731242831,-33.4514882061318],[-70.731040386,-33.4514896501318],[-70.731037251,-33.4514896721318],[-70.731039412,-33.4516098891317],[-70.73105,-33.4521987311318],[-70.7310508319999,-33.4522449891317],[-70.7310512889999,-33.4523776891317],[-70.731051351,-33.4523956931318],[-70.73105233,-33.4526791201318],[-70.731053719,-33.4528196111317],[-70.731056886,-33.4531400341317],[-70.731059962,-33.4533383041317],[-70.73106,-33.4533407441317],[-70.731063708,-33.4535797151318],[-70.731063875,-33.4535905161317],[-70.731238896,-33.4535651101317],[-70.7316107669999,-33.4535111281317],[-70.7317169,-33.4534957221317],[-70.7317777009999,-33.4534852711318],[-70.7319538359999,-33.4534549951317],[-70.731973884,-33.4534515501317],[-70.7320320389999,-33.4536888011317],[-70.732075686,-33.4538668621317],[-70.732078525,-33.4538784471317],[-70.732232133,-33.4538489221317],[-70.73238574,-33.4538193991317],[-70.7330651889999,-33.4536888041317],[-70.7337195109999,-33.4535579091318],[-70.734614184,-33.4533875831318],[-70.735260873,-33.4532644621318],[-70.735764563,-33.4531685651317],[-70.7366950429999,-33.4529889101318],[-70.738105344,-33.4527198501318],[-70.738994439,-33.4525967291318],[-70.739004672,-33.4525953121318],[-70.739103434,-33.4525816351317],[-70.739104094,-33.4525722701318],[-70.739105308,-33.4525580061317],[-70.739106001,-33.4525498671318],[-70.7391079459999,-33.4525270251318],[-70.739112602,-33.4524723351317],[-70.739116606,-33.4524180721317],[-70.739125472,-33.4522979471318],[-70.739133309,-33.4521917541317],[-70.739146305,-33.4520156531318],[-70.739149911,-33.4519667991318],[-70.739160923,-33.4518258281318],[-70.739179226,-33.4515915121318],[-70.7391823299999,-33.4515517651318],[-70.739186714,-33.4514956391318],[-70.739186993,-33.4514920691318],[-70.7391877699999,-33.4514821271318],[-70.7391946499999,-33.4513940401318],[-70.739199457,-33.4513325001318],[-70.739235175,-33.4508752391318],[-70.739250048,-33.4506848271318],[-70.7392501309999,-33.4506832301318],[-70.73925014,-33.4506830471318],[-70.739252501,-33.4506373161318],[-70.7392541259999,-33.4506058291318],[-70.739257342,-33.4505608491317],[-70.7392641389999,-33.4504657431318],[-70.7392712119999,-33.4503667841318],[-70.7392715459999,-33.4503621041318],[-70.739273206,-33.4503388961318],[-70.739173697,-33.4503571421318],[-70.739169148,-33.4503579761318],[-70.739173504,-33.4503021291318],[-70.7391773269999,-33.4502530981318],[-70.7391270099999,-33.4502632471318],[-70.7391210059999,-33.4502644591318],[-70.7386409119999,-33.4503613031318],[-70.7385450039999,-33.4503806491318],[-70.738383154,-33.4504132971318],[-70.738383099,-33.4504133081318],[-70.737885983,-33.4505135841318],[-70.7377677709999,-33.4505374281318],[-70.737725875,-33.4505458791318],[-70.7377311719999,-33.4505492091318],[-70.7375925059999,-33.4505676491318],[-70.737479649,-33.4505860701318],[-70.737463898,-33.4505886411318],[-70.737447834,-33.4505912631318],[-70.7374475679999,-33.4505913181318],[-70.7374278189999,-33.4505954191318],[-70.737354742,-33.4506105931318],[-70.7371984389999,-33.4506430511318],[-70.737116712,-33.4506571641317],[-70.7370585749999,-33.4506672051318],[-70.736977769,-33.4506751421318],[-70.7369196619999,-33.4506765061318],[-70.736914965,-33.4506766171318],[-70.7369037989999,-33.4506768801318],[-70.736900479,-33.4506769581318],[-70.736882784,-33.4506768931318],[-70.7368538279999,-33.4506767871318],[-70.736847914,-33.4506767651318],[-70.736810486,-33.4506766281317],[-70.7368103809999,-33.4506766301318],[-70.7367895949999,-33.4506756371318],[-70.736732424,-33.4506729101318],[-70.736720541,-33.4506723421318],[-70.736720211,-33.4506723251318],[-70.7366703439999,-33.4506645981318],[-70.736665084,-33.4506637831318],[-70.7366631749999,-33.4506634461318],[-70.7366588469999,-33.4506626811318],[-70.736657679,-33.4506624641318],[-70.7366553959999,-33.4506621361317],[-70.736647869,-33.4506610541318],[-70.736616574,-33.4506565981318],[-70.7365814029999,-33.4506485011318],[-70.736562565,-33.4506459011318],[-70.736542788,-33.4506390201318],[-70.736517431,-33.4506322651318],[-70.7364794649999,-33.4506221511318],[-70.73645949,-33.4506168291318],[-70.7364545,-33.4506155001318],[-70.736451174,-33.4506146141318],[-70.736451129,-33.4506146021318],[-70.73636278,-33.4505910651318],[-70.736303872,-33.4505734551318],[-70.736228341,-33.4505508751318],[-70.736184259,-33.4505376971318],[-70.7359117,-33.4504622821318],[-70.735440667,-33.4503319491318],[-70.735054296,-33.4502252471318],[-70.734792542,-33.4501529601318],[-70.7344312499999,-33.4500464001318],[-70.734426478,-33.4500449931318],[-70.734278897,-33.4500014661318],[-70.733249741,-33.4496694611318],[-70.7332646999999,-33.4497090361318]]]},"properties":{"NUM_UV":"1","NOM_UV":"1"}},{"type":"Feature","geometry":{"type":"Polygon","coordinates":[[[-70.7186293299999,-33.4384600001319],[-70.719442575,-33.4385572581319],[-70.719519157,-33.438553175132],[-70.719570306,-33.4385504471319],[-70.7195251269999,-33.4386652251319],[-70.719513821,-33.4389622011319],[-70.719522271,-33.439174870132],[-70.719540044,-33.4392901751319],[-70.7195430309999,-33.4393095531319],[-70.719550238,-33.4393563131319],[-70.719607735,-33.4397293371319],[-70.719674061,-33.4401596361319],[-70.71967409,-33.4401598671319],[-70.7197386779999,-33.4406683391319],[-70.719815349,-33.4412073971319],[-70.719815473,-33.4412082221319],[-70.7198208619999,-33.4412440371319],[-70.719828891,-33.4412973911319],[-70.7197602159999,-33.4417928651319],[-70.7197261969999,-33.4420383021319],[-70.7197212359999,-33.4421105161319],[-70.71969051,-33.4423603651319],[-70.7196201419999,-33.4429325681318],[-70.719495073,-33.4437818281319],[-70.719495063,-33.4437818941319],[-70.71994463,-33.4438372041319],[-70.7206730299999,-33.4439344241318],[-70.720690131,-33.4439367061319],[-70.721180779,-33.4439930431319],[-70.721883511,-33.4440734541319],[-70.7224184899999,-33.4441471801318],[-70.72298884,-33.4442022171318],[-70.723140352,-33.4442168371318],[-70.72314711,-33.4442174891319],[-70.7231471489999,-33.4442172731319],[-70.723147435,-33.4442157161319],[-70.7231477,-33.4442142711319],[-70.7231478739999,-33.4442133191319],[-70.723148131,-33.4442119181318],[-70.7231672729999,-33.4441074831319],[-70.723168341,-33.4441016531319],[-70.723168508,-33.4441007441319],[-70.7231701119999,-33.4440813551319],[-70.7231705899999,-33.4440755761319],[-70.723172446,-33.4440531521319],[-70.723184604,-33.4439061971319],[-70.7231996529999,-33.4437243211319],[-70.723209907,-33.4436003971319],[-70.723213003,-33.4435629781319],[-70.723220329,-33.4434744261319],[-70.7232207279999,-33.4434695981319],[-70.7232223079999,-33.4434505161319],[-70.723223046,-33.4434416586319],[-70.723225971,-33.4433830551319],[-70.723240652,-33.4430882831319],[-70.7232442069999,-33.4430169131319],[-70.7232025439999,-33.4425581731319],[-70.7230953,-33.4415629471319],[-70.723096593,-33.4415161521319],[-70.72309895,-33.4414308621319],[-70.723084819,-33.4414321161319],[-70.723084591,-33.4414321361319],[-70.723079104,-33.4414326231319],[-70.7230569719999,-33.4412621211319],[-70.7230287049999,-33.4410443461319],[-70.723028687,-33.4410442241319],[-70.7229956479999,-33.4407896751319],[-70.722979508,-33.4406653211319],[-70.722972295,-33.4406097491319],[-70.722965625,-33.4405583581319],[-70.7229482399999,-33.4404244121319],[-70.722937988,-33.4403152241319],[-70.722937725,-33.4403124221319],[-70.722927069,-33.4401989371319],[-70.722924021,-33.4401664771319],[-70.72288774,-33.4400903201319],[-70.722863874,-33.4400402221319],[-70.722855355,-33.4400223401319],[-70.722853098,-33.4400176021319],[-70.722834129,-33.4399777841319],[-70.722828587,-33.4399661501319],[-70.7228273859999,-33.4399631651319],[-70.7227743019999,-33.4398310371319],[-70.7227492279999,-33.4397686271319],[-70.722737273,-33.4397509841319],[-70.722470258,-33.4390746181319],[-70.722462392,-33.4390546921319],[-70.7224144749999,-33.4389354271319],[-70.7224121149999,-33.4389295551319],[-70.72241099,-33.438926752132],[-70.7224106849999,-33.4389259921319],[-70.7224059979999,-33.4389143241319],[-70.722401094,-33.4389021171319],[-70.722385142,-33.4388624081319],[-70.722381632,-33.4388536711319],[-70.722374077,-33.4388348651319],[-70.7223491249999,-33.438772752132],[-70.722335334,-33.4387384221319],[-70.7223232659999,-33.4387026091319],[-70.722322355,-33.4386999051319],[-70.7222909389999,-33.4386066761319],[-70.7222839139999,-33.438585828132],[-70.7222835809999,-33.4385851021319],[-70.722274488,-33.4385652991319],[-70.7222588929999,-33.4385313371319],[-70.722226308,-33.4384603751319],[-70.722161722,-33.438299767132],[-70.7221532679999,-33.438278745132],[-70.722151979,-33.438275542132],[-70.7221448129999,-33.4382577201319],[-70.722130863,-33.4382230301319],[-70.722102417,-33.4381522931319],[-70.7220784739999,-33.438092754132],[-70.722067012,-33.4380642511319],[-70.722052226,-33.438027483132],[-70.722044602,-33.4380085211319],[-70.722035767,-33.4379865501319],[-70.7220316849999,-33.4379763991319],[-70.722027187,-33.4379652151319],[-70.72201919,-33.4379453281319],[-70.722015012,-33.4379349371319],[-70.722013208,-33.4379304531319],[-70.7220131399999,-33.4379302841319],[-70.722011729,-33.437926776132],[-70.721943922,-33.437761640132],[-70.7219159479999,-33.4376935131319],[-70.721873656,-33.4375905141319],[-70.721873347,-33.4375897581319],[-70.721873316,-33.4375896811319],[-70.7218642459999,-33.4375674761319],[-70.7217248439999,-33.4372261861319],[-70.72170517,-33.4371780201319],[-70.721701089,-33.437165823132],[-70.721681627,-33.4371076531319],[-70.7216647609999,-33.4370572431319],[-70.72162408,-33.4369356561319],[-70.7216048349999,-33.436862857132],[-70.7215623229999,-33.436702042132],[-70.7215546429999,-33.436670586132],[-70.721554633,-33.436670539132],[-70.721554611,-33.4366704351319],[-70.7215420599999,-33.4366121421319],[-70.721533885,-33.4366133121319],[-70.721310973,-33.4366451921319],[-70.72123834,-33.436655580132],[-70.7202386819999,-33.436798553132],[-70.720105034,-33.4368176671319],[-70.719684705,-33.4368777831319],[-70.719656863,-33.4368817651319],[-70.7196568259999,-33.4368817701319],[-70.7196567519999,-33.436881781132],[-70.719656643,-33.4368817981319],[-70.7189384989999,-33.4369929371319],[-70.718440942,-33.4370699391319],[-70.718440528,-33.437070003132],[-70.718473015,-33.4374150881319],[-70.718527777,-33.4379967601319],[-70.7185959569999,-33.438456009132],[-70.7186293299999,-33.4384600001319]]]},"properties":{"NUM_UV":"10","NOM_UV":"10"}},{"type":"Feature","geometry":{"type":"Polygon","coordinates":[[[-70.710230312,-33.4381734181319],[-70.7101528379999,-33.4381781821319],[-70.7100996249999,-33.4381761261319],[-70.710055188,-33.4381744091319],[-70.709997554,-33.4381721831319],[-70.709984559,-33.4381716811319],[-70.7099768959999,-33.438171385132],[-70.7099079229999,-33.4381687201319],[-70.709890457,-33.4381680451319],[-70.709886237,-33.4381678821319],[-70.7097850609999,-33.4381639731319],[-70.7097583079999,-33.438162939132],[-70.709727228,-33.4381617381319],[-70.7097228329999,-33.4381615681319],[-70.709640559,-33.4381583891319],[-70.709583407,-33.4381561811319],[-70.709567092,-33.4381555511319],[-70.709524346,-33.4381539001319],[-70.709445977,-33.438150872132],[-70.709429679,-33.4381502421319],[-70.7093767759999,-33.4381481981319],[-70.709328731,-33.438146342132],[-70.709250845,-33.4381433331319],[-70.70915071,-33.4381394651319],[-70.7091114259999,-33.4381379471319],[-70.709047305,-33.4381354701319],[-70.709039132,-33.4381351541319],[-70.7090390769999,-33.438135152132],[-70.709036558,-33.438135055132],[-70.709026933,-33.438134683132],[-70.7090102129999,-33.4381340371319],[-70.708998224,-33.4381335741319],[-70.708942447,-33.4381314191319],[-70.708918309,-33.4381304861319],[-70.708916174,-33.4381305151319],[-70.7088423119999,-33.4381315351319],[-70.7087647279999,-33.4381326031319],[-70.708765162,-33.4381416161319],[-70.708804898,-33.4389662721319],[-70.708819821,-33.4390778481319],[-70.708831162,-33.4394999541319],[-70.708831173,-33.4395001621319],[-70.708831188,-33.4395004211319],[-70.708833775,-33.4395453061319],[-70.708838526,-33.4396277431319],[-70.7088640159999,-33.4400700401319],[-70.708867508,-33.4401301881319],[-70.708871255,-33.4401947521319],[-70.7088941969999,-33.4405899091319],[-70.708894755,-33.4405995041319],[-70.709237333,-33.4405937791319],[-70.709500335,-33.4405893841319],[-70.709612158,-33.4405875141319],[-70.710240308,-33.4405333141319],[-70.7105590859999,-33.4405058071319],[-70.71080796,-33.4404778481319],[-70.711270272,-33.4404259101319],[-70.7112727539999,-33.4404256571319],[-70.7113216939999,-33.4404206651319],[-70.7113256539999,-33.4404202611319],[-70.711667615,-33.4403853771319],[-70.7117364919999,-33.4403783511319],[-70.711741235,-33.4403778671319],[-70.711821722,-33.4403696561319],[-70.711975857,-33.4403542961319],[-70.71250517,-33.4403015471319],[-70.712505116,-33.4403009731319],[-70.7125088069999,-33.4403006041319],[-70.712524222,-33.4402990621319],[-70.712536357,-33.4402978471319],[-70.712560524,-33.4402952901319],[-70.7125658749999,-33.4402947251319],[-70.712618095,-33.4402892001319],[-70.712648754,-33.4402859571319],[-70.7127687679999,-33.4402732611319],[-70.712770034,-33.4402731271319],[-70.71282748,-33.4402670501319],[-70.712839188,-33.4402660561319],[-70.712954211,-33.4402562891319],[-70.712954332,-33.4402562791319],[-70.712954436,-33.4402573541319],[-70.713020839,-33.4409406591319],[-70.713021101,-33.4409433531319],[-70.71302112,-33.4409435821319],[-70.713020693,-33.4409436141319],[-70.713069173,-33.4415545191319],[-70.713072978,-33.4415992441319],[-70.713089323,-33.4417913541319],[-70.713110278,-33.4420376421319],[-70.7131180489999,-33.4421289721319],[-70.71311809,-33.4421294601319],[-70.713118338,-33.4421323651319],[-70.713133098,-33.4423107561319],[-70.713176064,-33.4428300521319],[-70.713181482,-33.4428955281319],[-70.7133112179999,-33.4429161041319],[-70.7133153459999,-33.4429167121319],[-70.713640829,-33.4429647261319],[-70.714737258,-33.4431264551319],[-70.7151067579999,-33.4431820021319],[-70.715813082,-33.4432881811319],[-70.715927283,-33.4433053481319],[-70.7166046089999,-33.4433994511318],[-70.7171277579999,-33.4434721301319],[-70.718203713,-33.4436362591319],[-70.7182596929999,-33.4436425471319],[-70.7194402339999,-33.4437751481319],[-70.719495063,-33.4437818941319],[-70.719495073,-33.4437818281319],[-70.7196201419999,-33.4429325681318],[-70.71969051,-33.4423603651319],[-70.7197212359999,-33.4421105161319],[-70.7197261969999,-33.4420383021319],[-70.7197602159999,-33.4417928651319],[-70.719828891,-33.4412973911319],[-70.7198208619999,-33.4412440371319],[-70.719815473,-33.4412082221319],[-70.719815349,-33.4412073971319],[-70.7197386779999,-33.4406683391319],[-70.71967409,-33.4401598671319],[-70.719674061,-33.4401596361319],[-70.719607735,-33.4397293371319],[-70.719550238,-33.4393563131319],[-70.7195430309999,-33.4393095531319],[-70.719540044,-33.4392901751319],[-70.719522271,-33.439174870132],[-70.719513821,-33.4389622011319],[-70.7195251269999,-33.4386652251319],[-70.719570306,-33.4385504471319],[-70.719519157,-33.438553175132],[-70.719442575,-33.4385572581319],[-70.7186293299999,-33.4384600001319],[-70.7185959569999,-33.438456009132],[-70.718527777,-33.4379967601319],[-70.718473015,-33.4374150881319],[-70.718440528,-33.437070003132],[-70.718401703,-33.437075662132],[-70.71782532,-33.4371596701319],[-70.717825155,-33.4371596941319],[-70.717052565,-33.437251518132],[-70.717052479,-33.437251528132],[-70.717052177,-33.4372515641319],[-70.716484925,-33.4373270551319],[-70.7158360179999,-33.437412672132],[-70.715835856,-33.4374126931319],[-70.7154796459999,-33.437458179132],[-70.71499599,-33.4375199411319],[-70.7147666079999,-33.437549231132],[-70.714689831,-33.437559311132],[-70.7146776499999,-33.437562466132],[-70.714676036,-33.4375628841319],[-70.714675326,-33.437563068132],[-70.7146714369999,-33.4375640751319],[-70.714416328,-33.437599166132],[-70.7141466969999,-33.4376387571319],[-70.714002255,-33.4376599651319],[-70.713733158,-33.4376994771319],[-70.712926479,-33.4378179241319],[-70.712804206,-33.437835878132],[-70.712755327,-33.4378430551319],[-70.712755234,-33.4378430691319],[-70.7125839569999,-33.4378679801319],[-70.712582465,-33.4378681651319],[-70.712262709,-33.437907884132],[-70.712231271,-33.4379117891319],[-70.7121771179999,-33.4379185161319],[-70.712177079,-33.4379185211319],[-70.7121764519999,-33.4379185991319],[-70.7121764199999,-33.4379186031319],[-70.712175539,-33.4379187121319],[-70.712095231,-33.4379307461319],[-70.712091206,-33.4379313491319],[-70.711844764,-33.437968276132],[-70.711738832,-33.437984150132],[-70.711727207,-33.437985892132],[-70.711549739,-33.4380124851319],[-70.71147655,-33.438023452132],[-70.7112145789999,-33.4380627071319],[-70.7112143269999,-33.4380627451319],[-70.71098058,-33.438096799132],[-70.710980547,-33.4380968041319],[-70.710975009,-33.4380976111319],[-70.710859544,-33.4381152371319],[-70.7107959159999,-33.438124950132],[-70.7107083989999,-33.4381383091319],[-70.71068579,-33.4381417601319],[-70.710656523,-33.438146228132],[-70.710650265,-33.4381471831319],[-70.71061911,-33.4381491651319],[-70.710606664,-33.4381499571319],[-70.7105956189999,-33.4381506601319],[-70.710588931,-33.4381510861319],[-70.710584328,-33.4381513791319],[-70.710576953,-33.4381518481319],[-70.710564231,-33.438152658132],[-70.7104929189999,-33.4381572131319],[-70.7104690789999,-33.438158736132],[-70.7104577539999,-33.4381594321319],[-70.710440118,-33.4381605171319],[-70.710366693,-33.4381650321319],[-70.710314422,-33.4381682461319],[-70.710231611,-33.4381733381319],[-70.710230312,-33.4381734181319]]]},"properties":{"NUM_UV":"11","NOM_UV":"11"}},{"type":"Feature","geometry":{"type":"Polygon","coordinates":[[[-70.707335013,-33.4440382741319],[-70.707337077,-33.4448611001319],[-70.707337079,-33.4448617761319],[-70.7073361069999,-33.4450587421318],[-70.707334616,-33.4453609381318],[-70.7073336569999,-33.4455552841318],[-70.707332169,-33.4458572471319],[-70.7073318719999,-33.4459169711318],[-70.707330884,-33.4459300531318],[-70.707327944,-33.4459689461319],[-70.707325781,-33.4459975701319],[-70.707325763,-33.4459978091318],[-70.707325732,-33.4459982191319],[-70.707323657,-33.4460489101318],[-70.707322787,-33.4460701701319],[-70.707329643,-33.4460700041318],[-70.7073335599999,-33.4460699081318],[-70.708240143,-33.4460478481318],[-70.708347687,-33.4460463661318],[-70.7084156609999,-33.4460398441318],[-70.709335508,-33.4459515861319],[-70.709948448,-33.4458915111318],[-70.7101305209999,-33.4458736651318],[-70.7103140689999,-33.4458556751318],[-70.710347402,-33.4458524071318],[-70.710377642,-33.4458496531318],[-70.710563705,-33.4458327021318],[-70.711461527,-33.4457509081319],[-70.712338024,-33.4456834951318],[-70.712354918,-33.4456821961318],[-70.7125432349999,-33.4456677111318],[-70.713718408,-33.4455213311318],[-70.714491305,-33.4454385001318],[-70.715446544,-33.4453437131318],[-70.716640694,-33.4452309631318],[-70.71670944,-33.4452244721318],[-70.7180074939999,-33.4450922231319],[-70.7188781839999,-33.4450004641319],[-70.7196206579999,-33.4449265871318],[-70.7196325799999,-33.4449254011319],[-70.720523762,-33.4448408911318],[-70.7205337299999,-33.4448337991319],[-70.720601334,-33.4447857061318],[-70.721000696,-33.4447879301318],[-70.721064954,-33.4447882881318],[-70.72213965,-33.4446854111318],[-70.7221778109999,-33.4446817581318],[-70.722730148,-33.4446476351319],[-70.722845104,-33.4446405301318],[-70.722933842,-33.4446350471318],[-70.722942113,-33.4446353271318],[-70.7230191309999,-33.4446379311319],[-70.72306143,-33.4446393611319],[-70.723075934,-33.4446398521318],[-70.7230785949999,-33.4446333841319],[-70.723087418,-33.4446119351318],[-70.723102985,-33.4445740881319],[-70.723111891,-33.4445524371318],[-70.7231252509999,-33.4444801071318],[-70.723133678,-33.4443781011319],[-70.7231384139999,-33.4443207681319],[-70.723140169,-33.4442995371319],[-70.723142932,-33.4442665111319],[-70.723146304,-33.4442261981319],[-70.7231464549999,-33.4442243941318],[-70.723146646,-33.4442221091318],[-70.723146726,-33.4442211461318],[-70.723146754,-33.4442208191318],[-70.723146758,-33.4442207631319],[-70.7231468539999,-33.4442196191319],[-70.7231469659999,-33.4442182791319],[-70.723147178,-33.4442182981318],[-70.723147845,-33.4442183571318],[-70.723149507,-33.4442185051318],[-70.723149801,-33.4442185311319],[-70.7231506429999,-33.4442186061319],[-70.7231522929999,-33.4442187531319],[-70.723152625,-33.4442187821318],[-70.723246385,-33.4442271111319],[-70.7232464149999,-33.4442270711318],[-70.72314711,-33.4442174891319],[-70.723140352,-33.4442168371318],[-70.72298884,-33.4442022171318],[-70.7224184899999,-33.4441471801318],[-70.721883511,-33.4440734541319],[-70.721180779,-33.4439930431319],[-70.720690131,-33.4439367061319],[-70.7206730299999,-33.4439344241318],[-70.71994463,-33.4438372041319],[-70.719495063,-33.4437818941319],[-70.7194402339999,-33.4437751481319],[-70.7182596929999,-33.4436425471319],[-70.718203713,-33.4436362591319],[-70.7171277579999,-33.4434721301319],[-70.7166046089999,-33.4433994511318],[-70.715927283,-33.4433053481319],[-70.715813082,-33.4432881811319],[-70.7151067579999,-33.4431820021319],[-70.714737258,-33.4431264551319],[-70.713640829,-33.4429647261319],[-70.7133153459999,-33.4429167121319],[-70.7133112179999,-33.4429161041319],[-70.713181482,-33.4428955281319],[-70.713180485,-33.4428953691319],[-70.7131699999999,-33.4428937071318],[-70.712618048,-33.4428061691319],[-70.7121538169999,-33.4427325421319],[-70.710801986,-33.4424177381319],[-70.710349008,-33.4423122491319],[-70.7103346649999,-33.4423089091319],[-70.709663453,-33.4421503391319],[-70.7096022809999,-33.4421351671319],[-70.708974879,-33.4419795281319],[-70.708974315,-33.4419793881319],[-70.708103496,-33.4417220251319],[-70.70809925,-33.4417210821319],[-70.7074222049999,-33.4415706851319],[-70.70737487,-33.4415507831319],[-70.70733,-33.4415319171319],[-70.7073013569999,-33.4415198741319],[-70.7073013839999,-33.4415206691319],[-70.707301463,-33.4415229851319],[-70.7073016429999,-33.4415282531319],[-70.70730176,-33.4415316821319],[-70.70730198,-33.4415380971319],[-70.7073021109999,-33.4415419151319],[-70.707302139,-33.4415427271319],[-70.70730244,-33.4415514921319],[-70.707302741,-33.4415602741319],[-70.707302919,-33.4415654811319],[-70.7073031859999,-33.4415732881319],[-70.70730331,-33.4415769081319],[-70.707303482,-33.4415819171319],[-70.707303694,-33.4415880931319],[-70.7073037069999,-33.4415884951319],[-70.707303854,-33.4415927781319],[-70.707304092,-33.4415997411319],[-70.70730415,-33.4416014251319],[-70.7073056359999,-33.4416448021319],[-70.707307144,-33.4416888171319],[-70.707308563,-33.4417302351319],[-70.707308726,-33.4417350021319],[-70.707313047,-33.4418005661319],[-70.70731571,-33.4418409711319],[-70.707318033,-33.4418762011319],[-70.707324948,-33.4419811351319],[-70.7073266259999,-33.4419928071319],[-70.707326657,-33.4419930271319],[-70.707330537,-33.4420200261319],[-70.7073314579999,-33.4420264331319],[-70.7073367359999,-33.4420631681319],[-70.7073426859999,-33.4421045721318],[-70.7073532969999,-33.4421784111319],[-70.707353481,-33.4422012301319],[-70.7073535819999,-33.4422137641319],[-70.707353784,-33.4422388671319],[-70.707354067,-33.4422739511319],[-70.707354853,-33.4423715341319],[-70.707355558,-33.4424589541319],[-70.7073566889999,-33.4425993341318],[-70.707356864,-33.4426210961319],[-70.707357273,-33.4426718141319],[-70.7073574299999,-33.4426913341319],[-70.707357907,-33.4427505611319],[-70.707357912,-33.4427512431319],[-70.707354612,-33.4429663011318],[-70.707352681,-33.4430921521319],[-70.707351278,-33.4431835261319],[-70.707351269,-33.4431842051319],[-70.707351198,-33.4431877431319],[-70.707349999,-33.4432471541319],[-70.707348725,-33.4433103761318],[-70.707348704,-33.4433114531319],[-70.7073481369999,-33.4433396091318],[-70.707338619,-33.4438118771319],[-70.707337802,-33.4438524071318],[-70.707334921,-33.4439953381319],[-70.7073349199999,-33.4439953861319],[-70.707334906,-33.4439960641319],[-70.707334918,-33.4440007291319],[-70.707335004,-33.4440335741318],[-70.707335013,-33.4440382741319]]]},"properties":{"NUM_UV":"12","NOM_UV":"12"}},{"type":"Feature","geometry":{"type":"Polygon","coordinates":[[[-70.72213965,-33.4446854111318],[-70.721064954,-33.4447882881318],[-70.721000696,-33.4447879301318],[-70.720601334,-33.4447857061318],[-70.7205337299999,-33.4448337991319],[-70.720523762,-33.4448408911318],[-70.7196325799999,-33.4449254011319],[-70.719683964,-33.4454192621318],[-70.719050336,-33.4454714081318],[-70.719009319,-33.4454762781318],[-70.7184233629999,-33.4455458601319],[-70.718291935,-33.4455626291319],[-70.7179490469999,-33.4456063781319],[-70.7179452509999,-33.4456068621318],[-70.7179449609999,-33.4456069201319],[-70.717914827,-33.4456129521318],[-70.7179148239999,-33.4456129821318],[-70.717912812,-33.4456392741319],[-70.717911546,-33.4456558071319],[-70.7179097869999,-33.4456787921319],[-70.717908291,-33.4456983361318],[-70.717899084,-33.4458186271319],[-70.7178874369999,-33.4459707851319],[-70.717886162,-33.4459874411318],[-70.717884324,-33.4460114571318],[-70.717879797,-33.4460706131319],[-70.7178734779999,-33.4461531611318],[-70.717864917,-33.4462650081318],[-70.717864186,-33.4462755891318],[-70.717834835,-33.4466998431318],[-70.717834168,-33.4467094661318],[-70.7178077839999,-33.4471100161318],[-70.717800585,-33.4472191031318],[-70.7178005809999,-33.4472191431318],[-70.717791259,-33.4473393451319],[-70.717764227,-33.4476878751318],[-70.717759642,-33.4477469871318],[-70.71775962,-33.4477475471318],[-70.7177550649999,-33.4478622371318],[-70.717744593,-33.4481259561318],[-70.717742512,-33.4481783731318],[-70.7177400749999,-33.4481782881318],[-70.7176576429999,-33.4481754251318],[-70.717221168,-33.4481602631318],[-70.717203792,-33.4484139181318],[-70.717133512,-33.4494685391318],[-70.7171242169999,-33.4496080151318],[-70.717121108,-33.4496499751317],[-70.717091314,-33.4500520991318],[-70.717064319,-33.4504530391318],[-70.717059551,-33.4505523041318],[-70.71705954,-33.4505524481318],[-70.71705236,-33.4506373701318],[-70.717051611,-33.4506462301318],[-70.7170404679999,-33.4507780221318],[-70.717028663,-33.4508954211318],[-70.717006844,-33.4510344111318],[-70.717005963,-33.4510400251317],[-70.716982254,-33.4511004701318],[-70.716974867,-33.4511193001318],[-70.716973953,-33.4511216311318],[-70.71697424,-33.4511216741318],[-70.717084211,-33.4511381401318],[-70.717350616,-33.4511795411318],[-70.717487762,-33.4511956771318],[-70.71765921,-33.4512293741318],[-70.7177971849999,-33.4512563351318],[-70.7181986689999,-33.4513347871318],[-70.718402837,-33.4513746831318],[-70.718908933,-33.4514735761318],[-70.718961602,-33.4514828941318],[-70.719181651,-33.4515218201318],[-70.7194511169999,-33.4515694891317],[-70.7200558069999,-33.4516419231318],[-70.7202240949999,-33.4516508371318],[-70.7206642519999,-33.4516741511317],[-70.7210240809999,-33.4516863211318],[-70.721215366,-33.4516927891318],[-70.721402547,-33.4517037761318],[-70.7217301169999,-33.4517230021318],[-70.722299399,-33.4517496311318],[-70.7223713619999,-33.4517529971318],[-70.722371875,-33.4517455291318],[-70.722384807,-33.4515572431318],[-70.7224403719999,-33.4507481971318],[-70.722507835,-33.4496888911318],[-70.722539059,-33.4492767091318],[-70.722569689,-33.4488736031318],[-70.722569694,-33.4488735311318],[-70.722569697,-33.4488734911318],[-70.722604385,-33.4484381351318],[-70.722604453,-33.4484372801318],[-70.7226981379999,-33.4471135321318],[-70.722706541,-33.4469656691318],[-70.7227321189999,-33.4465155491318],[-70.7227321679999,-33.4465146461318],[-70.722787463,-33.4456788031318],[-70.722788282,-33.4456664171319],[-70.722814063,-33.4453709381318],[-70.72282533,-33.4452417971319],[-70.7228647439999,-33.4451379721318],[-70.722905778,-33.4450298831318],[-70.722905796,-33.4450298351318],[-70.7229262979999,-33.4449758291319],[-70.7229457889999,-33.4449244891318],[-70.722949587,-33.4449150291318],[-70.722952356,-33.4449081321319],[-70.7229578709999,-33.4448943941318],[-70.722985836,-33.4448247331318],[-70.722997559,-33.4448034911319],[-70.72301132,-33.4447785571318],[-70.723027878,-33.4447485541318],[-70.723032245,-33.4447406411318],[-70.723041006,-33.4447247671319],[-70.723054729,-33.4446914041318],[-70.723057129,-33.4446855691318],[-70.723075934,-33.4446398521318],[-70.72306143,-33.4446393611319],[-70.7230191309999,-33.4446379311319],[-70.722942113,-33.4446353271318],[-70.722933842,-33.4446350471318],[-70.722845104,-33.4446405301318],[-70.722730148,-33.4446476351319],[-70.7221778109999,-33.4446817581318],[-70.72213965,-33.4446854111318]]]},"properties":{"NUM_UV":"13","NOM_UV":"13"}},{"type":"Feature","geometry":{"type":"Polygon","coordinates":[[[-70.7122568779999,-33.4459981041318],[-70.7122340019999,-33.4460839831319],[-70.712239616,-33.4460999691319],[-70.712245309,-33.4461161791318],[-70.712286292,-33.4461403931318],[-70.7122866669999,-33.4461403331318],[-70.71231575,-33.4461357191319],[-70.7124553319999,-33.4461135741319],[-70.7125085329999,-33.4461047701318],[-70.7125818489999,-33.4460926381319],[-70.712728375,-33.4460786661318],[-70.7127957719999,-33.4460722391319],[-70.7129708369999,-33.4460615371319],[-70.712970936,-33.4460615601318],[-70.7130299999999,-33.4460753481318],[-70.713053649,-33.4460808681318],[-70.713041593,-33.4462232641318],[-70.7130415669999,-33.4462235711318],[-70.713035307,-33.4462975101318],[-70.713035304,-33.4462975431318],[-70.7130299999999,-33.4463601931318],[-70.713022496,-33.4464488301318],[-70.713023022,-33.4464508281318],[-70.712947726,-33.4475258261318],[-70.712931359,-33.4479355551318],[-70.7129219349999,-33.4480653691318],[-70.712906961,-33.4482716131318],[-70.712906959,-33.4482716451318],[-70.712902529,-33.4483326581318],[-70.7129059169999,-33.4483333251318],[-70.712933181,-33.4483386901318],[-70.712931806,-33.4483793861318],[-70.7129318,-33.4483795341318],[-70.7129226599999,-33.4486297841318],[-70.7128964309999,-33.4493479301318],[-70.712896394,-33.4493489511318],[-70.712896203,-33.4493541731318],[-70.712931232,-33.4493977231318],[-70.712978687,-33.4494567251318],[-70.712987671,-33.4494678951318],[-70.7129981589999,-33.4494964931318],[-70.7130012759999,-33.4495049931318],[-70.713001494,-33.4495055881318],[-70.713001213,-33.4495099001318],[-70.713000554,-33.4495200051318],[-70.7129921649999,-33.4496486751318],[-70.712978521,-33.4498579541318],[-70.7129475839999,-33.4502574871318],[-70.712947395,-33.4502594421318],[-70.712938612,-33.4503505221318],[-70.712936091,-33.4503766731318],[-70.7129340289999,-33.4503980521318],[-70.712933315,-33.4504054511318],[-70.712977925,-33.4504122561318],[-70.713007219,-33.4504163481318],[-70.713046393,-33.4504218191318],[-70.713120406,-33.4504321561318],[-70.713180947,-33.4504406131317],[-70.713200689,-33.4504433701318],[-70.713448941,-33.4504850291318],[-70.713599389,-33.4505280401318],[-70.71365718,-33.4505493621318],[-70.713762803,-33.4505883311318],[-70.7137643089999,-33.4505888871318],[-70.7139428309999,-33.4506405281318],[-70.714405727,-33.4507243081317],[-70.714822854,-33.4507951231318],[-70.714822808,-33.4507960711318],[-70.715294951,-33.4508702831318],[-70.715693264,-33.4509328901318],[-70.716003481,-33.4509766071318],[-70.716445064,-33.4510388351318],[-70.716558461,-33.4510552411317],[-70.7167560889999,-33.4510868201317],[-70.716869085,-33.4511048751318],[-70.716973953,-33.4511216311318],[-70.716974867,-33.4511193001318],[-70.716982254,-33.4511004701318],[-70.717005963,-33.4510400251317],[-70.717006844,-33.4510344111318],[-70.717028663,-33.4508954211318],[-70.7170404679999,-33.4507780221318],[-70.717051611,-33.4506462301318],[-70.71705236,-33.4506373701318],[-70.71705954,-33.4505524481318],[-70.717059551,-33.4505523041318],[-70.717064319,-33.4504530391318],[-70.717091314,-33.4500520991318],[-70.717121108,-33.4496499751317],[-70.7171242169999,-33.4496080151318],[-70.717133512,-33.4494685391318],[-70.717203792,-33.4484139181318],[-70.717221168,-33.4481602631318],[-70.7176576429999,-33.4481754251318],[-70.7177400749999,-33.4481782881318],[-70.717742512,-33.4481783731318],[-70.717744593,-33.4481259561318],[-70.7177550649999,-33.4478622371318],[-70.71775962,-33.4477475471318],[-70.717759642,-33.4477469871318],[-70.717764227,-33.4476878751318],[-70.717791259,-33.4473393451319],[-70.7178005809999,-33.4472191431318],[-70.717800585,-33.4472191031318],[-70.7178077839999,-33.4471100161318],[-70.717834168,-33.4467094661318],[-70.717834835,-33.4466998431318],[-70.717864186,-33.4462755891318],[-70.717864917,-33.4462650081318],[-70.7178734779999,-33.4461531611318],[-70.717879797,-33.4460706131319],[-70.717884324,-33.4460114571318],[-70.717886162,-33.4459874411318],[-70.7178874369999,-33.4459707851319],[-70.717899084,-33.4458186271319],[-70.717908291,-33.4456983361318],[-70.7179097869999,-33.4456787921319],[-70.717911546,-33.4456558071319],[-70.717912812,-33.4456392741319],[-70.7179148239999,-33.4456129821318],[-70.717914827,-33.4456129521318],[-70.7179449609999,-33.4456069201319],[-70.7179452509999,-33.4456068621318],[-70.7179490469999,-33.4456063781319],[-70.718291935,-33.4455626291319],[-70.7184233629999,-33.4455458601319],[-70.719009319,-33.4454762781318],[-70.719050336,-33.4454714081318],[-70.719683964,-33.4454192621318],[-70.7196325799999,-33.4449254011319],[-70.7196206579999,-33.4449265871318],[-70.7188781839999,-33.4450004641319],[-70.7180074939999,-33.4450922231319],[-70.71670944,-33.4452244721318],[-70.716640694,-33.4452309631318],[-70.715446544,-33.4453437131318],[-70.714491305,-33.4454385001318],[-70.713718408,-33.4455213311318],[-70.7125432349999,-33.4456677111318],[-70.712354918,-33.4456821961318],[-70.712338024,-33.4456834951318],[-70.7123330009999,-33.4457123121318],[-70.712316399,-33.4457746421318],[-70.712311621,-33.4457925801319],[-70.7122568779999,-33.4459981041318]]]},"properties":{"NUM_UV":"14","NOM_UV":"14"}},{"type":"Feature","geometry":{"type":"Polygon","coordinates":[[[-70.7084156609999,-33.4460398441318],[-70.708347687,-33.4460463661318],[-70.708240143,-33.4460478481318],[-70.7073335599999,-33.4460699081318],[-70.707329643,-33.4460700041318],[-70.707322787,-33.4460701701319],[-70.7073227769999,-33.4460704051318],[-70.707321451,-33.4461021281318],[-70.707319125,-33.4461577581318],[-70.7073189929999,-33.4461609351318],[-70.7073046789999,-33.4465032341318],[-70.707292789,-33.4467875921318],[-70.707288443,-33.4468915291318],[-70.7072868669999,-33.4469338921318],[-70.7072848,-33.4469894361318],[-70.7072833249999,-33.4470290691318],[-70.707276567,-33.4472106771318],[-70.70727656,-33.4472109041318],[-70.707275609,-33.4472364551318],[-70.707271508,-33.4473466621318],[-70.7072679899999,-33.4474412391318],[-70.7072053589999,-33.4481885601318],[-70.70718285,-33.4484571501318],[-70.7071813379999,-33.4484751861318],[-70.707180694,-33.4484828721318],[-70.7071804679999,-33.4484854261318],[-70.7071786129999,-33.4485064521318],[-70.707174145,-33.4485570781318],[-70.7071730279999,-33.4485697521318],[-70.707167329,-33.4486343161318],[-70.707167321,-33.4486344101318],[-70.707163043,-33.4486828791318],[-70.7071558179999,-33.4487647421318],[-70.707155815,-33.4487647791318],[-70.707154598,-33.4487785681318],[-70.707154155,-33.4487835811318],[-70.707153434,-33.4487917741318],[-70.7071534299999,-33.4487918111318],[-70.707150744,-33.4488222361318],[-70.707139653,-33.4489121821318],[-70.707124725,-33.4490071571318],[-70.707115086,-33.4490684761318],[-70.707115081,-33.4490685131318],[-70.707112805,-33.4490829921318],[-70.70711088,-33.4490952401318],[-70.707110874,-33.4490952771318],[-70.70708697,-33.4492473501317],[-70.7070615035,-33.4494093621318],[-70.7070522019999,-33.4494685431318],[-70.707135676,-33.4494812191318],[-70.707250125,-33.4494985981318],[-70.708066119,-33.4496225031318],[-70.708581199,-33.4497053741318],[-70.709105811,-33.4497880801318],[-70.7094515489999,-33.4498446171318],[-70.7095638389999,-33.4498629801318],[-70.709564633,-33.4498631091318],[-70.710051241,-33.4499375321318],[-70.710087254,-33.4499430451317],[-70.7105377839999,-33.4500120161318],[-70.710565859,-33.4500169031318],[-70.7106612749999,-33.4500335131318],[-70.710803035,-33.4500581901318],[-70.710878108,-33.4500712591318],[-70.710941831,-33.4500823511318],[-70.711004985,-33.4500933461318],[-70.711145388,-33.4501177871318],[-70.7111838869999,-33.4501244881318],[-70.7112128269999,-33.4501287301318],[-70.7113636349999,-33.4501508371318],[-70.7115934939999,-33.4501845311318],[-70.711745858,-33.4502068641318],[-70.712405629,-33.4503223731318],[-70.7125317649999,-33.4503435411318],[-70.7125747759999,-33.4503507591318],[-70.71268861,-33.4503681231318],[-70.712933315,-33.4504054511318],[-70.7129340289999,-33.4503980521318],[-70.712936091,-33.4503766731318],[-70.712938612,-33.4503505221318],[-70.712947395,-33.4502594421318],[-70.7129475839999,-33.4502574871318],[-70.712978521,-33.4498579541318],[-70.7129921649999,-33.4496486751318],[-70.713000554,-33.4495200051318],[-70.713001213,-33.4495099001318],[-70.713001494,-33.4495055881318],[-70.7130012759999,-33.4495049931318],[-70.7129981589999,-33.4494964931318],[-70.712987671,-33.4494678951318],[-70.712978687,-33.4494567251318],[-70.712931232,-33.4493977231318],[-70.712896203,-33.4493541731318],[-70.712896394,-33.4493489511318],[-70.7128964309999,-33.4493479301318],[-70.7129226599999,-33.4486297841318],[-70.7129318,-33.4483795341318],[-70.712931806,-33.4483793861318],[-70.712933181,-33.4483386901318],[-70.7129059169999,-33.4483333251318],[-70.712902529,-33.4483326581318],[-70.712906959,-33.4482716451318],[-70.712906961,-33.4482716131318],[-70.7129219349999,-33.4480653691318],[-70.712931359,-33.4479355551318],[-70.712947726,-33.4475258261318],[-70.713023022,-33.4464508281318],[-70.713022496,-33.4464488301318],[-70.7130299999999,-33.4463601931318],[-70.713035304,-33.4462975431318],[-70.713035307,-33.4462975101318],[-70.7130415669999,-33.4462235711318],[-70.713041593,-33.4462232641318],[-70.713053649,-33.4460808681318],[-70.7130299999999,-33.4460753481318],[-70.712970936,-33.4460615601318],[-70.7129708369999,-33.4460615371319],[-70.7127957719999,-33.4460722391319],[-70.712728375,-33.4460786661318],[-70.7125818489999,-33.4460926381319],[-70.7125085329999,-33.4461047701318],[-70.7124553319999,-33.4461135741319],[-70.71231575,-33.4461357191319],[-70.7122866669999,-33.4461403331318],[-70.712286292,-33.4461403931318],[-70.712245309,-33.4461161791318],[-70.712239616,-33.4460999691319],[-70.7122340019999,-33.4460839831319],[-70.7122568779999,-33.4459981041318],[-70.712311621,-33.4457925801319],[-70.712316399,-33.4457746421318],[-70.7123330009999,-33.4457123121318],[-70.712338024,-33.4456834951318],[-70.711461527,-33.4457509081319],[-70.710563705,-33.4458327021318],[-70.710377642,-33.4458496531318],[-70.710347402,-33.4458524071318],[-70.7103140689999,-33.4458556751318],[-70.7101305209999,-33.4458736651318],[-70.709948448,-33.4458915111318],[-70.709335508,-33.4459515861319],[-70.7084156609999,-33.4460398441318]]]},"properties":{"NUM_UV":"15","NOM_UV":"15"}},{"type":"Feature","geometry":{"type":"Polygon","coordinates":[[[-70.7158775619999,-33.4570367431317],[-70.7158774179999,-33.4570475001317],[-70.717860636,-33.4566856981317],[-70.718618206,-33.4565474841317],[-70.718859907,-33.4565005991317],[-70.719281076,-33.4564189011317],[-70.719281129,-33.4564188911317],[-70.719922447,-33.4562690491317],[-70.720446135,-33.4560605651317],[-70.7206605919999,-33.4559751871317],[-70.72161914,-33.4556566361317],[-70.721626435,-33.4556422051317],[-70.7217871399999,-33.4553242981317],[-70.721880947,-33.4551387301317],[-70.722010011,-33.4546620491317],[-70.7220272019999,-33.4545985571317],[-70.722073482,-33.4544276261317],[-70.7220776619999,-33.4544099841318],[-70.72219208,-33.4539270091317],[-70.722230709,-33.4534745801317],[-70.722302723,-33.4526619491317],[-70.722330185,-33.4522245211317],[-70.722370822,-33.4517591831318],[-70.7223713619999,-33.4517529971318],[-70.722299399,-33.4517496311318],[-70.7217301169999,-33.4517230021318],[-70.721402547,-33.4517037761318],[-70.721215366,-33.4516927891318],[-70.7210240809999,-33.4516863211318],[-70.7206642519999,-33.4516741511317],[-70.7202240949999,-33.4516508371318],[-70.7200558069999,-33.4516419231318],[-70.7194511169999,-33.4515694891317],[-70.719181651,-33.4515218201318],[-70.718961602,-33.4514828941318],[-70.718908933,-33.4514735761318],[-70.718402837,-33.4513746831318],[-70.7181986689999,-33.4513347871318],[-70.7177971849999,-33.4512563351318],[-70.71765921,-33.4512293741318],[-70.717487762,-33.4511956771318],[-70.717350616,-33.4511795411318],[-70.717084211,-33.4511381401318],[-70.71697424,-33.4511216741318],[-70.716973953,-33.4511216311318],[-70.716869085,-33.4511048751318],[-70.7167560889999,-33.4510868201317],[-70.716558461,-33.4510552411317],[-70.7165582809999,-33.4510562441317],[-70.7165571849999,-33.4510623431318],[-70.716482115,-33.4514801501318],[-70.7164747269999,-33.4515200341317],[-70.716438704,-33.4522058441318],[-70.716434114,-33.4523061471317],[-70.716419542,-33.4526245141318],[-70.716419441,-33.4526262511317],[-70.7163666709999,-33.4535378801317],[-70.71629971,-33.4547291991317],[-70.716243784,-33.4547360391317],[-70.716234384,-33.4547377791317],[-70.7162245709999,-33.4547401561317],[-70.7161864249999,-33.4547493951317],[-70.716146431,-33.4547630641317],[-70.7161397309999,-33.4547653531317],[-70.7161285829999,-33.4547698861317],[-70.716126838,-33.4547706161317],[-70.7161125219999,-33.4547767971317],[-70.716105365,-33.4547800501317],[-70.7160664789999,-33.4548002251317],[-70.716057532,-33.4548055061317],[-70.716050943,-33.4548096081317],[-70.716046472,-33.4548123901317],[-70.7160451829999,-33.4548132151317],[-70.7160186789999,-33.4548315491317],[-70.715983901,-33.4548598251317],[-70.715952769,-33.4549248411317],[-70.715926822,-33.4549920951317],[-70.715906218,-33.4550611741317],[-70.715904917,-33.4551360101317],[-70.7159016109999,-33.4553263031317],[-70.715896704,-33.4556087341317],[-70.715896704,-33.4556087631317],[-70.715893073,-33.4558177951317],[-70.715891299,-33.4559635851317],[-70.715887537,-33.4562727761317],[-70.7158875329999,-33.4562730961317],[-70.715886547,-33.4563540471317],[-70.715884751,-33.4565016161317],[-70.71588321,-33.4566163501317],[-70.7158775619999,-33.4570367431317]]]},"properties":{"NUM_UV":"16","NOM_UV":"16"}},{"type":"Feature","geometry":{"type":"Polygon","coordinates":[[[-70.7137602779999,-33.4506018791318],[-70.713707727,-33.4507712461318],[-70.713706894,-33.4507712281317],[-70.713610062,-33.4510774701318],[-70.713490279,-33.4514563071317],[-70.713489604,-33.4514584251317],[-70.7133546379999,-33.4518481141318],[-70.713220603,-33.4522647981318],[-70.7130843259999,-33.4526634371317],[-70.712950787,-33.4530530621317],[-70.712815921,-33.4534607421317],[-70.71280884,-33.4534828811317],[-70.712808826,-33.4534829251317],[-70.7128073229999,-33.4534876231317],[-70.712693525,-33.4538434441317],[-70.712691448,-33.4538499371317],[-70.712675839,-33.4539901341317],[-70.712648536,-33.4542353651318],[-70.712639999,-33.4543120301317],[-70.712632771,-33.4543769481317],[-70.712632744,-33.4543771961317],[-70.712632755,-33.4543780281317],[-70.7126365779999,-33.4546640421317],[-70.7126374709999,-33.4547308141317],[-70.712642734,-33.4551245601317],[-70.7126412549999,-33.4551369561317],[-70.7126227269999,-33.4552922531317],[-70.7126219099999,-33.4553572291317],[-70.7126297729999,-33.4556812461317],[-70.7126318859999,-33.4559503741317],[-70.712633705,-33.4561819641317],[-70.7126335839999,-33.4561821711317],[-70.712633715,-33.4561831261317],[-70.7126378149999,-33.4566105281317],[-70.71264,-33.4566006721317],[-70.712648574,-33.4565619971317],[-70.7126506509999,-33.4565528401317],[-70.71265489,-33.4565341571317],[-70.71267505,-33.4565378691317],[-70.712957676,-33.4566266891317],[-70.713063672,-33.4566600001317],[-70.7131148399999,-33.4566760811317],[-70.7132684969999,-33.4566423931317],[-70.7133706399999,-33.4566200001317],[-70.7134221549999,-33.4566087061317],[-70.713454097,-33.4566200001317],[-70.7135694299999,-33.4566607791317],[-70.713744171,-33.4563005231317],[-70.713798104,-33.4561893311317],[-70.713807232,-33.4561705131317],[-70.713809322,-33.4561711031317],[-70.713848309,-33.4561820971317],[-70.7142027639999,-33.4562820541317],[-70.714248707,-33.4562729661317],[-70.714429934,-33.4563328581317],[-70.714508466,-33.4563588121317],[-70.7145790229999,-33.4563821301317],[-70.714617034,-33.4563895391317],[-70.714643536,-33.4563733031317],[-70.7146519579999,-33.4563608941317],[-70.714663468,-33.4563439331317],[-70.7146660619999,-33.4563374961317],[-70.7147100989999,-33.4562282321317],[-70.715025985,-33.4563256921317],[-70.715065521,-33.4563304351317],[-70.715094865,-33.4562982901317],[-70.71513042,-33.4562263181317],[-70.71513902,-33.4562053681317],[-70.7151409849999,-33.4562005821317],[-70.715146332,-33.4561995611317],[-70.715156593,-33.4561976011317],[-70.71515715,-33.4561974951317],[-70.715173399,-33.4561987021317],[-70.715196647,-33.4562084011317],[-70.715371276,-33.4562744101317],[-70.7155213679999,-33.4563311431317],[-70.715670654,-33.4563815211317],[-70.715670797,-33.4563815701317],[-70.7156709,-33.4563815571317],[-70.715871502,-33.4563559661317],[-70.715886547,-33.4563540471317],[-70.7158875329999,-33.4562730961317],[-70.715887537,-33.4562727761317],[-70.715891299,-33.4559635851317],[-70.715893073,-33.4558177951317],[-70.715896704,-33.4556087631317],[-70.715896704,-33.4556087341317],[-70.7159016109999,-33.4553263031317],[-70.715904917,-33.4551360101317],[-70.715906218,-33.4550611741317],[-70.715926822,-33.4549920951317],[-70.715952769,-33.4549248411317],[-70.715983901,-33.4548598251317],[-70.7160186789999,-33.4548315491317],[-70.7160451829999,-33.4548132151317],[-70.716046472,-33.4548123901317],[-70.716050943,-33.4548096081317],[-70.716057532,-33.4548055061317],[-70.7160664789999,-33.4548002251317],[-70.716105365,-33.4547800501317],[-70.7161125219999,-33.4547767971317],[-70.716126838,-33.4547706161317],[-70.7161285829999,-33.4547698861317],[-70.7161397309999,-33.4547653531317],[-70.716146431,-33.4547630641317],[-70.7161864249999,-33.4547493951317],[-70.7162245709999,-33.4547401561317],[-70.716234384,-33.4547377791317],[-70.716243784,-33.4547360391317],[-70.71629971,-33.4547291991317],[-70.7163666709999,-33.4535378801317],[-70.716419441,-33.4526262511317],[-70.716419542,-33.4526245141318],[-70.716434114,-33.4523061471317],[-70.716438704,-33.4522058441318],[-70.7164747269999,-33.4515200341317],[-70.716482115,-33.4514801501318],[-70.7165571849999,-33.4510623431318],[-70.7165582809999,-33.4510562441317],[-70.716558461,-33.4510552411317],[-70.716445064,-33.4510388351318],[-70.716003481,-33.4509766071318],[-70.715693264,-33.4509328901318],[-70.715294951,-33.4508702831318],[-70.714822808,-33.4507960711318],[-70.714822854,-33.4507951231318],[-70.714405727,-33.4507243081317],[-70.7139428309999,-33.4506405281318],[-70.7137643089999,-33.4505888871318],[-70.713764144,-33.4505894191318],[-70.7137602779999,-33.4506018791318]]]},"properties":{"NUM_UV":"17","NOM_UV":"17"}},{"type":"Feature","geometry":{"type":"Polygon","coordinates":[[[-70.7102247189999,-33.4504687061318],[-70.7095647369999,-33.4514314531317],[-70.708872862,-33.4524397271318],[-70.7088276979999,-33.4525055461317],[-70.708855496,-33.4525685001318],[-70.708886294,-33.4526131661318],[-70.7089354,-33.4526485611318],[-70.708964924,-33.4526622521318],[-70.70899206,-33.4526748351318],[-70.709059971,-33.4526919351318],[-70.7091712389999,-33.4527084371317],[-70.709251072,-33.4527163541317],[-70.709418398,-33.4527456111317],[-70.709585465,-33.4527763271318],[-70.709585725,-33.4527748661318],[-70.709790421,-33.4528057041317],[-70.710188962,-33.4528657441317],[-70.710208063,-33.4528685371318],[-70.7103154979999,-33.4528842491317],[-70.7106397489999,-33.4529316691317],[-70.7106415969999,-33.4529385991318],[-70.71065,-33.4529701211317],[-70.710675679,-33.4530664451318],[-70.71125456,-33.4531666721317],[-70.711726383,-33.4532593571317],[-70.7120150969999,-33.4533081651317],[-70.712219541,-33.4533427271317],[-70.712815921,-33.4534607421317],[-70.712950787,-33.4530530621317],[-70.7130843259999,-33.4526634371317],[-70.713220603,-33.4522647981318],[-70.7133546379999,-33.4518481141318],[-70.713489604,-33.4514584251317],[-70.713490279,-33.4514563071317],[-70.713610062,-33.4510774701318],[-70.713706894,-33.4507712281317],[-70.713707727,-33.4507712461318],[-70.7137602779999,-33.4506018791318],[-70.713764144,-33.4505894191318],[-70.7137643089999,-33.4505888871318],[-70.713762803,-33.4505883311318],[-70.71365718,-33.4505493621318],[-70.713599389,-33.4505280401318],[-70.713448941,-33.4504850291318],[-70.713200689,-33.4504433701318],[-70.713180947,-33.4504406131317],[-70.713120406,-33.4504321561318],[-70.713046393,-33.4504218191318],[-70.713007219,-33.4504163481318],[-70.712977925,-33.4504122561318],[-70.712933315,-33.4504054511318],[-70.71268861,-33.4503681231318],[-70.7125747759999,-33.4503507591318],[-70.7125317649999,-33.4503435411318],[-70.712405629,-33.4503223731318],[-70.711745858,-33.4502068641318],[-70.7115934939999,-33.4501845311318],[-70.7113636349999,-33.4501508371318],[-70.7112128269999,-33.4501287301318],[-70.7111838869999,-33.4501244881318],[-70.711145388,-33.4501177871318],[-70.711004985,-33.4500933461318],[-70.710941831,-33.4500823511318],[-70.710878108,-33.4500712591318],[-70.710803035,-33.4500581901318],[-70.7106612749999,-33.4500335131318],[-70.710565859,-33.4500169031318],[-70.7105377839999,-33.4500120161318],[-70.710530024,-33.4500233371318],[-70.710466093,-33.4501165971318],[-70.7102247189999,-33.4504687061318]]]},"properties":{"NUM_UV":"18","NOM_UV":"18"}},{"type":"Feature","geometry":{"type":"Polygon","coordinates":[[[-70.7087738229999,-33.4525696261317],[-70.7085619709999,-33.4528070171317],[-70.70854881,-33.4528217771317],[-70.7085387979999,-33.4528330051317],[-70.7085294039999,-33.4528435391317],[-70.7085207169999,-33.4528782071318],[-70.708504461,-33.4529430821318],[-70.7084796239999,-33.4531508421317],[-70.708350819,-33.4539371951317],[-70.707798742,-33.4538735391318],[-70.70772205,-33.4538646951317],[-70.707494017,-33.4538412581317],[-70.707256023,-33.4538167971317],[-70.706929324,-33.4537837071317],[-70.706816088,-33.4537722381317],[-70.7067875659999,-33.4537693491317],[-70.7064654499999,-33.4537355581317],[-70.7061580709999,-33.4537033121317],[-70.7061580989999,-33.4537031261318],[-70.706158446,-33.4537008451317],[-70.706163214,-33.4536695331318],[-70.706165018,-33.4536576801317],[-70.706038456,-33.4536349771317],[-70.706037148,-33.4536430921317],[-70.706035269,-33.4536547561317],[-70.7060296179999,-33.4536898371317],[-70.706029508,-33.4536905051317],[-70.7060172129999,-33.4537712131317],[-70.706016661,-33.4537748381317],[-70.706004321,-33.4538558391317],[-70.705972314,-33.4540659381317],[-70.7059229709999,-33.4543898391317],[-70.7059159249999,-33.4544360911318],[-70.705908203,-33.4544867771317],[-70.705902889,-33.4545216561317],[-70.7058921139999,-33.4545923881317],[-70.7058863079999,-33.4546304951317],[-70.7058679,-33.4547513291317],[-70.705867656,-33.4547529331317],[-70.705857489,-33.4548196771317],[-70.705845525,-33.4548982101317],[-70.7058396099999,-33.4549370351317],[-70.7058367669999,-33.4549556971317],[-70.705830544,-33.4549964681317],[-70.705824954,-33.4550331061317],[-70.7058248869999,-33.4550335461317],[-70.705807194,-33.4551494801317],[-70.705801483,-33.4551869021317],[-70.7057952169999,-33.4552279601317],[-70.7057942389999,-33.4552343691317],[-70.70577739,-33.4553447741317],[-70.705764362,-33.4554301451317],[-70.705754729,-33.4555021041317],[-70.705754465,-33.4555040741317],[-70.705748333,-33.4555588811317],[-70.705746674,-33.4555737111317],[-70.705735524,-33.4556548321317],[-70.705734333,-33.4556638331317],[-70.70572916,-33.4557038661317],[-70.7057241369999,-33.4557441991317],[-70.705711626,-33.4558524961317],[-70.7057075,-33.4558910861317],[-70.705705059,-33.4559147071317],[-70.705705016,-33.4559151041317],[-70.70569911,-33.4559752971317],[-70.705693955,-33.4560317221317],[-70.70569204,-33.4560538351317],[-70.70569083,-33.4560681441317],[-70.705689605,-33.4560832381317],[-70.7057531629999,-33.4560946641317],[-70.705771638,-33.4560979861317],[-70.705848967,-33.4561318711317],[-70.707460108,-33.4568378591317],[-70.707580934,-33.4568825731317],[-70.707648419,-33.4569075471317],[-70.707795658,-33.4569620361317],[-70.7081112,-33.4570788071317],[-70.7086347059999,-33.4571879211317],[-70.7086793669999,-33.4571972301317],[-70.708735713,-33.4572104461317],[-70.7092063709999,-33.4573208391317],[-70.70991242,-33.4574684601317],[-70.7104035899999,-33.4575662741317],[-70.7110086599999,-33.4576878481317],[-70.711065633,-33.4576992941317],[-70.7111475569999,-33.4577152831317],[-70.711287563,-33.4577367641317],[-70.711428326,-33.4577525581317],[-70.71156961,-33.4577626381317],[-70.7117151469999,-33.4577734301317],[-70.711860959,-33.4577794461317],[-70.712006891,-33.4577806811317],[-70.712152784,-33.4577771331317],[-70.712165286,-33.4577764181317],[-70.71229847,-33.4577688051316],[-70.712611379,-33.4577447821317],[-70.712612963,-33.4577042691317],[-70.712613093,-33.4577009401317],[-70.712616946,-33.4576024141317],[-70.712617012,-33.4576007201317],[-70.712622725,-33.4574546231317],[-70.7126371429999,-33.4570859041317],[-70.712638533,-33.4570503481317],[-70.71263828,-33.4568951281317],[-70.7126378149999,-33.4566105281317],[-70.712633715,-33.4561831261317],[-70.7126335839999,-33.4561821711317],[-70.712633705,-33.4561819641317],[-70.7126318859999,-33.4559503741317],[-70.7126297729999,-33.4556812461317],[-70.7126219099999,-33.4553572291317],[-70.7126227269999,-33.4552922531317],[-70.7126412549999,-33.4551369561317],[-70.712642734,-33.4551245601317],[-70.7126374709999,-33.4547308141317],[-70.7126365779999,-33.4546640421317],[-70.712632755,-33.4543780281317],[-70.712632744,-33.4543771961317],[-70.712632771,-33.4543769481317],[-70.712639999,-33.4543120301317],[-70.712648536,-33.4542353651318],[-70.712675839,-33.4539901341317],[-70.712691448,-33.4538499371317],[-70.712693525,-33.4538434441317],[-70.7128073229999,-33.4534876231317],[-70.712808826,-33.4534829251317],[-70.71280884,-33.4534828811317],[-70.712815921,-33.4534607421317],[-70.712219541,-33.4533427271317],[-70.7120150969999,-33.4533081651317],[-70.711726383,-33.4532593571317],[-70.71125456,-33.4531666721317],[-70.710675679,-33.4530664451318],[-70.71065,-33.4529701211317],[-70.7106415969999,-33.4529385991318],[-70.7106397489999,-33.4529316691317],[-70.7103154979999,-33.4528842491317],[-70.710208063,-33.4528685371318],[-70.710188962,-33.4528657441317],[-70.709790421,-33.4528057041317],[-70.709585725,-33.4527748661318],[-70.709585465,-33.4527763271318],[-70.709418398,-33.4527456111317],[-70.709251072,-33.4527163541317],[-70.7091712389999,-33.4527084371317],[-70.709059971,-33.4526919351318],[-70.70899206,-33.4526748351318],[-70.708964924,-33.4526622521318],[-70.7089354,-33.4526485611318],[-70.708886294,-33.4526131661318],[-70.708855496,-33.4525685001318],[-70.7088276979999,-33.4525055461317],[-70.708824643,-33.4524986291318],[-70.708823832,-33.4524967911318],[-70.7087738229999,-33.4525696261317]]]},"properties":{"NUM_UV":"19","NOM_UV":"19"}},{"type":"Feature","geometry":{"type":"Polygon","coordinates":[[[-70.736050806,-33.4500947711318],[-70.736184044,-33.4505369811318],[-70.736184259,-33.4505376971318],[-70.736228341,-33.4505508751318],[-70.736303872,-33.4505734551318],[-70.73636278,-33.4505910651318],[-70.736451129,-33.4506146021318],[-70.736451174,-33.4506146141318],[-70.7364545,-33.4506155001318],[-70.73645949,-33.4506168291318],[-70.7364794649999,-33.4506221511318],[-70.736517431,-33.4506322651318],[-70.736542788,-33.4506390201318],[-70.736562565,-33.4506459011318],[-70.7365814029999,-33.4506485011318],[-70.736616574,-33.4506565981318],[-70.736647869,-33.4506610541318],[-70.7366553959999,-33.4506621361317],[-70.736657679,-33.4506624641318],[-70.7366588469999,-33.4506626811318],[-70.7366631749999,-33.4506634461318],[-70.736665084,-33.4506637831318],[-70.7366703439999,-33.4506645981318],[-70.736720211,-33.4506723251318],[-70.736720541,-33.4506723421318],[-70.736732424,-33.4506729101318],[-70.7367895949999,-33.4506756371318],[-70.7368103809999,-33.4506766301318],[-70.736810486,-33.4506766281317],[-70.736847914,-33.4506767651318],[-70.7368538279999,-33.4506767871318],[-70.736882784,-33.4506768931318],[-70.736900479,-33.4506769581318],[-70.7369037989999,-33.4506768801318],[-70.736914965,-33.4506766171318],[-70.7369196619999,-33.4506765061318],[-70.736977769,-33.4506751421318],[-70.7370585749999,-33.4506672051318],[-70.737116712,-33.4506571641317],[-70.7371984389999,-33.4506430511318],[-70.737354742,-33.4506105931318],[-70.7374278189999,-33.4505954191318],[-70.7374475679999,-33.4505913181318],[-70.737447834,-33.4505912631318],[-70.737463898,-33.4505886411318],[-70.737479649,-33.4505860701318],[-70.7375925059999,-33.4505676491318],[-70.7377311719999,-33.4505492091318],[-70.737725875,-33.4505458791318],[-70.7377677709999,-33.4505374281318],[-70.737885983,-33.4505135841318],[-70.738383099,-33.4504133081318],[-70.738383154,-33.4504132971318],[-70.7385450039999,-33.4503806491318],[-70.7386409119999,-33.4503613031318],[-70.7391210059999,-33.4502644591318],[-70.7391270099999,-33.4502632471318],[-70.7391773269999,-33.4502530981318],[-70.739173504,-33.4503021291318],[-70.739169148,-33.4503579761318],[-70.739173697,-33.4503571421318],[-70.739273206,-33.4503388961318],[-70.739279564,-33.4502499211318],[-70.7392800329999,-33.4502433281317],[-70.7392803819999,-33.4502384151318],[-70.739280591,-33.4502354741318],[-70.739280595,-33.4502354131318],[-70.739286546,-33.4501517191318],[-70.7392934649999,-33.4500544121318],[-70.7392966749999,-33.4500092651318],[-70.739299145,-33.4499745221318],[-70.739305999,-33.4498781331318],[-70.7393076119999,-33.4498576041318],[-70.7393136539999,-33.4497807271318],[-70.7393360569999,-33.4494956831318],[-70.739340929,-33.4494336881318],[-70.7393567519999,-33.4492323651318],[-70.739358454,-33.4492107101318],[-70.739370803,-33.4490535761318],[-70.739372615,-33.4490305171318],[-70.739373133,-33.4490239311318],[-70.739389505,-33.4488410011318],[-70.739399312,-33.4487314321318],[-70.7394023589999,-33.4486973851318],[-70.739404024,-33.4486787801318],[-70.739407081,-33.4486446221318],[-70.739408579,-33.4486278901318],[-70.739422269,-33.4484749251318],[-70.739427807,-33.4484130411318],[-70.739430193,-33.4483863781318],[-70.739434359,-33.4483398351318],[-70.739434891,-33.4483339691318],[-70.739437112,-33.4483094651318],[-70.739448793,-33.4481806231318],[-70.739462518,-33.4480292331318],[-70.739471405,-33.4479312061318],[-70.739475396,-33.4478940871318],[-70.7394801139999,-33.4478502161318],[-70.739483602,-33.4478264791318],[-70.7394914449999,-33.4477731081318],[-70.739495709,-33.4477143921318],[-70.739502268,-33.4476240791318],[-70.739503574,-33.4476061031318],[-70.7395250559999,-33.4473884321318],[-70.7395292149999,-33.4473462901318],[-70.739540921,-33.4472276691318],[-70.7395439209999,-33.4471972821318],[-70.73956816,-33.4469516651318],[-70.7395882549999,-33.4467480421318],[-70.7395896789999,-33.4467336221318],[-70.73959301,-33.4466998661318],[-70.7396033909999,-33.4465946771318],[-70.7396448119999,-33.4465309691319],[-70.7396765999999,-33.4465085151318],[-70.739732956,-33.4464687081318],[-70.739745081,-33.4464601431318],[-70.739755531,-33.4464527621318],[-70.7397611059999,-33.4464490211318],[-70.739981786,-33.4463009151319],[-70.7400949669999,-33.4462249551319],[-70.740100804,-33.4462210381318],[-70.740112739,-33.4462130281318],[-70.740455461,-33.4459830141319],[-70.7404605849999,-33.4459789011319],[-70.740558358,-33.4459004071318],[-70.7406078,-33.4458420661318],[-70.740643972,-33.4457105741319],[-70.7406473789999,-33.4456981911318],[-70.740656739,-33.4455642281318],[-70.7406567469999,-33.4455641191318],[-70.7406553179999,-33.4455153201318],[-70.740651543,-33.4453864121318],[-70.740649616,-33.4453206251318],[-70.740647941,-33.4452634411318],[-70.7406479379999,-33.4452633541318],[-70.7406465129999,-33.4452146661318],[-70.740644892,-33.4451593291319],[-70.7406392,-33.4449649661319],[-70.740635923,-33.4448530281318],[-70.740635728,-33.4448324101318],[-70.7406349139999,-33.4447457911318],[-70.7406348219999,-33.4447360571318],[-70.7406347639999,-33.4447299181318],[-70.740634254,-33.4446757051318],[-70.740634212,-33.4446712471319],[-70.740634121,-33.4446615701319],[-70.740634012,-33.4446499991319],[-70.74063396,-33.4446444721319],[-70.740613439,-33.4446431571319],[-70.740529293,-33.4446377621318],[-70.7405199999999,-33.4446378071319],[-70.7396774389999,-33.4446418441319],[-70.739520059,-33.4446425981319],[-70.738590523,-33.4446470431318],[-70.7372294429999,-33.4446259511318],[-70.737078772,-33.4446240621318],[-70.7368996119999,-33.4446218161319],[-70.736611157,-33.4446181991319],[-70.736593544,-33.4446179781318],[-70.736490282,-33.4446166841319],[-70.736487391,-33.4446166481319],[-70.7364676,-33.4446164001319],[-70.736460165,-33.4446163061318],[-70.73645655,-33.4446728771319],[-70.73645447,-33.4447054241318],[-70.736454301,-33.4447080671318],[-70.736452243,-33.4447402801319],[-70.736450986,-33.4447599521319],[-70.736450949,-33.4447605341318],[-70.736450937,-33.4447607221318],[-70.7364487039999,-33.4448228351319],[-70.7364486709999,-33.4448237751319],[-70.736429785,-33.4453490641318],[-70.736426907,-33.4454291101318],[-70.7364234409999,-33.4455255261319],[-70.736419053,-33.4457362071319],[-70.736411416,-33.4461028521318],[-70.736461553,-33.4462774561318],[-70.736461661,-33.4462778301319],[-70.7364617169999,-33.4462780271318],[-70.736461736,-33.4462780911318],[-70.736461773,-33.4462782181318],[-70.736633892,-33.4468752911318],[-70.736741814,-33.4472523991318],[-70.736791979,-33.4474276891318],[-70.7367920089999,-33.4474277931318],[-70.736828179,-33.4475540321318],[-70.7369927349999,-33.4481283371318],[-70.7371551539999,-33.4486934681318],[-70.737172243,-33.4487529261318],[-70.737217656,-33.4489112071318],[-70.737341893,-33.4493442201318],[-70.737357995,-33.4494003401318],[-70.737361542,-33.4494127051318],[-70.7373612489999,-33.4494127561318],[-70.737223333,-33.4494366851318],[-70.7368526449999,-33.4495009991318],[-70.735994241,-33.4496798601318],[-70.7359674099999,-33.4496997731318],[-70.7359553049999,-33.4497164761318],[-70.7359513069999,-33.4497435881318],[-70.735957873,-33.4497863301318],[-70.736029752,-33.4500248941318],[-70.736050806,-33.4500947711318]]]},"properties":{"NUM_UV":"2","NOM_UV":"2"}},{"type":"Feature","geometry":{"type":"Polygon","coordinates":[[[-70.7062699529999,-33.4523195121318],[-70.706196769,-33.4526521811318],[-70.7061874249999,-33.4527101861318],[-70.706150758,-33.4529378131317],[-70.7061155599999,-33.4531563141317],[-70.706080674,-33.4533728911317],[-70.706038456,-33.4536349771317],[-70.706165018,-33.4536576801317],[-70.706163214,-33.4536695331318],[-70.706158446,-33.4537008451317],[-70.7061580989999,-33.4537031261318],[-70.7061580709999,-33.4537033121317],[-70.7064654499999,-33.4537355581317],[-70.7067875659999,-33.4537693491317],[-70.706816088,-33.4537722381317],[-70.706929324,-33.4537837071317],[-70.707256023,-33.4538167971317],[-70.707494017,-33.4538412581317],[-70.70772205,-33.4538646951317],[-70.707798742,-33.4538735391318],[-70.708350819,-33.4539371951317],[-70.7084796239999,-33.4531508421317],[-70.708504461,-33.4529430821318],[-70.7085207169999,-33.4528782071318],[-70.7085294039999,-33.4528435391317],[-70.7085387979999,-33.4528330051317],[-70.70854881,-33.4528217771317],[-70.7085619709999,-33.4528070171317],[-70.7087738229999,-33.4525696261317],[-70.708823832,-33.4524967911318],[-70.708824643,-33.4524986291318],[-70.7088276979999,-33.4525055461317],[-70.708872862,-33.4524397271318],[-70.7095647369999,-33.4514314531317],[-70.7102247189999,-33.4504687061318],[-70.710466093,-33.4501165971318],[-70.710530024,-33.4500233371318],[-70.7105377839999,-33.4500120161318],[-70.710087254,-33.4499430451317],[-70.710051241,-33.4499375321318],[-70.709564633,-33.4498631091318],[-70.7095638389999,-33.4498629801318],[-70.7094515489999,-33.4498446171318],[-70.709105811,-33.4497880801318],[-70.708581199,-33.4497053741318],[-70.708066119,-33.4496225031318],[-70.707250125,-33.4494985981318],[-70.707135676,-33.4494812191318],[-70.7070522019999,-33.4494685431318],[-70.707052168,-33.4494687601318],[-70.707052088,-33.4494692141318],[-70.707044047,-33.4495146331318],[-70.70704404,-33.4495146791318],[-70.707009187,-33.4497115661318],[-70.7070047619999,-33.4497365611318],[-70.7070047399999,-33.4497366891318],[-70.7069424439999,-33.4500886021318],[-70.706938483,-33.4501109771318],[-70.706899401,-33.4503317531317],[-70.706887147,-33.4504009791318],[-70.7068524439999,-33.4505970181317],[-70.7068477729999,-33.4506234091318],[-70.706835572,-33.4506796631318],[-70.706727557,-33.4510674821318],[-70.706700817,-33.4511422411318],[-70.706648706,-33.4512879321318],[-70.706588573,-33.4514560491317],[-70.706567578,-33.4515147461318],[-70.70656051,-33.4515345061318],[-70.706461599,-33.4518110381317],[-70.7063977399999,-33.4519895691318],[-70.706380598,-33.4520374931318],[-70.7063784059999,-33.4520436231317],[-70.706375137,-33.4520519381318],[-70.706367487,-33.4520713991318],[-70.706367045,-33.4520725231318],[-70.70635075,-33.4521139761318],[-70.706276037,-33.4523040351317],[-70.7062699529999,-33.4523195121318]]]},"properties":{"NUM_UV":"20","NOM_UV":"20"}},{"type":"Feature","geometry":{"type":"Polygon","coordinates":[[[-70.707082112,-33.4380964021319],[-70.7070805819999,-33.438109657132],[-70.707080015,-33.4381145651319],[-70.7070793899999,-33.4381199811319],[-70.7070784909999,-33.4381277671319],[-70.707077585,-33.4381356121319],[-70.707075345,-33.438155018132],[-70.707074334,-33.4381637801319],[-70.7070704339999,-33.4381975631319],[-70.707071333,-33.4382189271319],[-70.707072344,-33.4382429371319],[-70.707072737,-33.438252257132],[-70.707072841,-33.4382547361319],[-70.707072937,-33.4382570151319],[-70.707073064,-33.4382600391319],[-70.707073479,-33.4382698801319],[-70.707073543,-33.4382714091319],[-70.7070737399999,-33.438276085132],[-70.707073877,-33.4382793321319],[-70.707074125,-33.4382852211319],[-70.7070746379999,-33.4382974101319],[-70.707076816,-33.4383491391319],[-70.707078252,-33.4383832351319],[-70.707081252,-33.4384544751319],[-70.7070841349999,-33.4385229751319],[-70.707086982,-33.438590579132],[-70.707089146,-33.4386419691319],[-70.707089149,-33.4386420461319],[-70.707089175,-33.4386426651319],[-70.707093534,-33.4386929111319],[-70.707109491,-33.4388768221319],[-70.707112125,-33.4389071831319],[-70.7071306,-33.4391201121319],[-70.7071359999999,-33.4391823521319],[-70.707136007,-33.4391824361319],[-70.707136065,-33.4391831091319],[-70.70714793,-33.4393779551319],[-70.7071559359999,-33.4395094361319],[-70.7071586179999,-33.4395534871319],[-70.707161534,-33.439601375132],[-70.7071667499999,-33.4396870291319],[-70.707166791,-33.4396877021319],[-70.707175897,-33.4398146491319],[-70.707176327,-33.4398206591319],[-70.7071891959999,-33.4400000831319],[-70.707195155,-33.4400831601319],[-70.707196961,-33.4401083551319],[-70.7072050049999,-33.4402204901319],[-70.7072139109999,-33.4403446701319],[-70.7072139169999,-33.4403447491319],[-70.707213962,-33.4403453781319],[-70.70721399,-33.4403457191319],[-70.707217237,-33.4403852941319],[-70.707218289,-33.4403981091319],[-70.707228083,-33.4405174621319],[-70.707247907,-33.4407590421319],[-70.7072479129999,-33.4407591201319],[-70.707247964,-33.4407597451319],[-70.707248256,-33.4407628461319],[-70.7072521219999,-33.4408038631319],[-70.707256348,-33.4408487091319],[-70.7072600979999,-33.4408885081319],[-70.707260735,-33.4408952631319],[-70.7072614849999,-33.4409032231319],[-70.707263241,-33.4409218611319],[-70.707265368,-33.4409350591319],[-70.7072712519999,-33.4409715651319],[-70.707278279,-33.4410151631319],[-70.707279061,-33.4410307601319],[-70.70728127,-33.4410748501319],[-70.7072814379999,-33.4410781931319],[-70.707281743,-33.4410842721319],[-70.707283865,-33.4411266201319],[-70.707286751,-33.4411841971319],[-70.707287514,-33.4411993981319],[-70.707288072,-33.4412105481319],[-70.707291756,-33.4412840741319],[-70.707291888,-33.4412867011319],[-70.707294201,-33.4413328481319],[-70.707294245,-33.4413337281319],[-70.707294889,-33.4413465761319],[-70.7072965639999,-33.4413800021319],[-70.7072968149999,-33.4413873311319],[-70.7072970299999,-33.4413936061319],[-70.7072971229999,-33.4413963291319],[-70.7072976219999,-33.4414108711319],[-70.707297775,-33.4414153401319],[-70.707297984,-33.4414214451319],[-70.707298253,-33.4414293061319],[-70.7072983689999,-33.4414326851319],[-70.7072986749999,-33.4414416031319],[-70.707299511,-33.4414660041319],[-70.707299797,-33.4414743481319],[-70.707300488,-33.4414945301319],[-70.7073005029999,-33.4414949391319],[-70.7073005459999,-33.4414962021319],[-70.7073006639999,-33.4414996531319],[-70.707300684,-33.4415002481319],[-70.7073007609999,-33.4415025031319],[-70.707301128,-33.4415131541319],[-70.707301156,-33.4415140261319],[-70.7073011589999,-33.4415141011319],[-70.707301184,-33.4415148521319],[-70.707301201,-33.4415153351319],[-70.707301205,-33.4415154471319],[-70.707301259,-33.4415169991319],[-70.7073013569999,-33.4415198741319],[-70.70733,-33.4415319171319],[-70.70737487,-33.4415507831319],[-70.7074222049999,-33.4415706851319],[-70.70809925,-33.4417210821319],[-70.708103496,-33.4417220251319],[-70.708974315,-33.4419793881319],[-70.708974879,-33.4419795281319],[-70.7096022809999,-33.4421351671319],[-70.709663453,-33.4421503391319],[-70.7103346649999,-33.4423089091319],[-70.710349008,-33.4423122491319],[-70.710801986,-33.4424177381319],[-70.7121538169999,-33.4427325421319],[-70.712618048,-33.4428061691319],[-70.7131699999999,-33.4428937071318],[-70.713180485,-33.4428953691319],[-70.713181482,-33.4428955281319],[-70.713176064,-33.4428300521319],[-70.713133098,-33.4423107561319],[-70.713118338,-33.4421323651319],[-70.71311809,-33.4421294601319],[-70.7131180489999,-33.4421289721319],[-70.713110278,-33.4420376421319],[-70.713089323,-33.4417913541319],[-70.713072978,-33.4415992441319],[-70.713069173,-33.4415545191319],[-70.713020693,-33.4409436141319],[-70.71302112,-33.4409435821319],[-70.713021101,-33.4409433531319],[-70.713020839,-33.4409406591319],[-70.712954436,-33.4402573541319],[-70.712954332,-33.4402562791319],[-70.712954211,-33.4402562891319],[-70.712839188,-33.4402660561319],[-70.71282748,-33.4402670501319],[-70.712770034,-33.4402731271319],[-70.7127687679999,-33.4402732611319],[-70.712648754,-33.4402859571319],[-70.712618095,-33.4402892001319],[-70.7125658749999,-33.4402947251319],[-70.712560524,-33.4402952901319],[-70.712536357,-33.4402978471319],[-70.712524222,-33.4402990621319],[-70.7125088069999,-33.4403006041319],[-70.712505116,-33.4403009731319],[-70.71250517,-33.4403015471319],[-70.711975857,-33.4403542961319],[-70.711821722,-33.4403696561319],[-70.711741235,-33.4403778671319],[-70.7117364919999,-33.4403783511319],[-70.711667615,-33.4403853771319],[-70.7113256539999,-33.4404202611319],[-70.7113216939999,-33.4404206651319],[-70.7112727539999,-33.4404256571319],[-70.711270272,-33.4404259101319],[-70.71080796,-33.4404778481319],[-70.7105590859999,-33.4405058071319],[-70.710240308,-33.4405333141319],[-70.709612158,-33.4405875141319],[-70.709500335,-33.4405893841319],[-70.709237333,-33.4405937791319],[-70.708894755,-33.4405995041319],[-70.7088941969999,-33.4405899091319],[-70.708871255,-33.4401947521319],[-70.708867508,-33.4401301881319],[-70.7088640159999,-33.4400700401319],[-70.708838526,-33.4396277431319],[-70.708833775,-33.4395453061319],[-70.708831188,-33.4395004211319],[-70.708831173,-33.4395001621319],[-70.708831162,-33.4394999541319],[-70.708819821,-33.4390778481319],[-70.708804898,-33.4389662721319],[-70.708765162,-33.4381416161319],[-70.7087647279999,-33.4381326031319],[-70.708756179,-33.438132721132],[-70.708755931,-33.438132701132],[-70.708750633,-33.4381322741319],[-70.7087417449999,-33.4381315561319],[-70.7086527599999,-33.4381243741319],[-70.708639765,-33.438123325132],[-70.708588472,-33.438119186132],[-70.7085652869999,-33.4381173151319],[-70.708564021,-33.438117252132],[-70.708503897,-33.4381142641319],[-70.708467544,-33.438112458132],[-70.708458654,-33.4381120161319],[-70.708376131,-33.4381079151319],[-70.708315104,-33.4381048821319],[-70.708294961,-33.4381038811319],[-70.708235438,-33.4381009231319],[-70.708201388,-33.438099231132],[-70.708120203,-33.4380951961319],[-70.708075821,-33.4380929901319],[-70.708015511,-33.4380899931319],[-70.707996996,-33.4380890731319],[-70.707994777,-33.438089103132],[-70.7079944339999,-33.438089108132],[-70.7079645699999,-33.4380895201319],[-70.7079620059999,-33.4380895551319],[-70.707932899,-33.4380899561319],[-70.707930335,-33.4380899911319],[-70.7077938579999,-33.438091871132],[-70.7077912939999,-33.4380919061319],[-70.707747091,-33.438092515132],[-70.7076613519999,-33.4380936961319],[-70.7076587879999,-33.4380937311319],[-70.7076306129999,-33.438094119132],[-70.707537181,-33.4380954061319],[-70.707523688,-33.4380955921319],[-70.707468466,-33.438096353132],[-70.707465903,-33.4380963881319],[-70.707417462,-33.4380970551319],[-70.707320281,-33.4380983941319],[-70.707311637,-33.4380985131319],[-70.707289617,-33.4380988161319],[-70.707288691,-33.4380988051319],[-70.707287024,-33.4380988281319],[-70.7072447099999,-33.4380983281319],[-70.707212167,-33.4380979431319],[-70.7071120959999,-33.438096751132],[-70.707082112,-33.4380964021319]]]},"properties":{"NUM_UV":"21","NOM_UV":"21"}},{"type":"Feature","geometry":{"type":"Polygon","coordinates":[[[-70.713798104,-33.4561893311317],[-70.713744171,-33.4563005231317],[-70.7135694299999,-33.4566607791317],[-70.713454097,-33.4566200001317],[-70.7134221549999,-33.4566087061317],[-70.7133706399999,-33.4566200001317],[-70.7132684969999,-33.4566423931317],[-70.7131148399999,-33.4566760811317],[-70.713063672,-33.4566600001317],[-70.712957676,-33.4566266891317],[-70.71267505,-33.4565378691317],[-70.71265489,-33.4565341571317],[-70.7126506509999,-33.4565528401317],[-70.712648574,-33.4565619971317],[-70.71264,-33.4566006721317],[-70.7126378149999,-33.4566105281317],[-70.71263828,-33.4568951281317],[-70.712638533,-33.4570503481317],[-70.7126371429999,-33.4570859041317],[-70.712622725,-33.4574546231317],[-70.712617012,-33.4576007201317],[-70.712616946,-33.4576024141317],[-70.712613093,-33.4577009401317],[-70.712612963,-33.4577042691317],[-70.712611379,-33.4577447821317],[-70.712673961,-33.4577440771317],[-70.712876266,-33.4577267821316],[-70.712946186,-33.4577234391317],[-70.71294633,-33.4577234391317],[-70.71296274,-33.4577232881317],[-70.712968211,-33.4577232911317],[-70.712979151,-33.4577233771317],[-70.713076703,-33.4577274621317],[-70.713140031,-33.4577364961317],[-70.713181806,-33.4577455021317],[-70.713201219,-33.4577496871317],[-70.71321225,-33.4577528221317],[-70.713241699,-33.4577611911317],[-70.713299908,-33.4577818491317],[-70.713299938,-33.4577818141317],[-70.713308346,-33.4577725921317],[-70.713319868,-33.4577599561317],[-70.71332047,-33.4577592951317],[-70.7133362989999,-33.4577419331317],[-70.713373979,-33.4577032951317],[-70.713429924,-33.4576524081316],[-70.713444027,-33.4576411811317],[-70.7134890899999,-33.4576053061317],[-70.713544672,-33.4575667391317],[-70.713551224,-33.4575621931317],[-70.713616053,-33.4575232531317],[-70.7136365109999,-33.4575189921317],[-70.7137194869999,-33.4575017131316],[-70.713732401,-33.4574990231317],[-70.713748742,-33.4574956201317],[-70.7142111479999,-33.4573993211317],[-70.714909496,-33.4572506361317],[-70.71541561,-33.4571428801317],[-70.7158774179999,-33.4570475001317],[-70.7158775619999,-33.4570367431317],[-70.71588321,-33.4566163501317],[-70.715884751,-33.4565016161317],[-70.715886547,-33.4563540471317],[-70.715871502,-33.4563559661317],[-70.7156709,-33.4563815571317],[-70.715670797,-33.4563815701317],[-70.715670654,-33.4563815211317],[-70.7155213679999,-33.4563311431317],[-70.715371276,-33.4562744101317],[-70.715196647,-33.4562084011317],[-70.715173399,-33.4561987021317],[-70.71515715,-33.4561974951317],[-70.715156593,-33.4561976011317],[-70.715146332,-33.4561995611317],[-70.7151409849999,-33.4562005821317],[-70.71513902,-33.4562053681317],[-70.71513042,-33.4562263181317],[-70.715094865,-33.4562982901317],[-70.715065521,-33.4563304351317],[-70.715025985,-33.4563256921317],[-70.7147100989999,-33.4562282321317],[-70.7146660619999,-33.4563374961317],[-70.714663468,-33.4563439331317],[-70.7146519579999,-33.4563608941317],[-70.714643536,-33.4563733031317],[-70.714617034,-33.4563895391317],[-70.7145790229999,-33.4563821301317],[-70.714508466,-33.4563588121317],[-70.714429934,-33.4563328581317],[-70.714248707,-33.4562729661317],[-70.7142027639999,-33.4562820541317],[-70.713848309,-33.4561820971317],[-70.713809322,-33.4561711031317],[-70.713807232,-33.4561705131317],[-70.713798104,-33.4561893311317]]]},"properties":{"NUM_UV":"22","NOM_UV":"22"}},{"type":"Feature","geometry":{"type":"Polygon","coordinates":[[[-70.727778224,-33.4490569711318],[-70.7278509189999,-33.4494061111318],[-70.727867996,-33.4494881271318],[-70.727931336,-33.4497923321318],[-70.727932116,-33.4497960841318],[-70.72796676,-33.4499629901318],[-70.728077005,-33.4504941231317],[-70.7280898349999,-33.4505703191318],[-70.7280808309999,-33.4505745491318],[-70.728050406,-33.4505888461318],[-70.728050168,-33.4505889581318],[-70.728050255,-33.4505893781318],[-70.728244121,-33.4515196271318],[-70.72824966,-33.4515194991318],[-70.728280726,-33.4517039881318],[-70.728280732,-33.4517040201317],[-70.728406782,-33.4523470251318],[-70.728501947,-33.4528056211317],[-70.728640754,-33.4534980781317],[-70.7287944719999,-33.4542163071317],[-70.7288601289999,-33.4545230821317],[-70.7293934109999,-33.4544204341317],[-70.729415761,-33.4544161321317],[-70.729936494,-33.4543065851317],[-70.730425853,-33.4542036361318],[-70.731073306,-33.4540683561318],[-70.731073161,-33.4540610261317],[-70.7310655319999,-33.4536741291317],[-70.731063875,-33.4535905161317],[-70.731063708,-33.4535797151318],[-70.73106,-33.4533407441317],[-70.731059962,-33.4533383041317],[-70.731056886,-33.4531400341317],[-70.731053719,-33.4528196111317],[-70.73105233,-33.4526791201318],[-70.731051351,-33.4523956931318],[-70.7310512889999,-33.4523776891317],[-70.7310508319999,-33.4522449891317],[-70.73105,-33.4521987311318],[-70.731039412,-33.4516098891317],[-70.731037251,-33.4514896721318],[-70.731040386,-33.4514896501318],[-70.731242831,-33.4514882061318],[-70.7316967579999,-33.4514849691318],[-70.731871102,-33.4514780241318],[-70.731820284,-33.4513569901318],[-70.7317807539999,-33.4511689571318],[-70.731778698,-33.4511591731317],[-70.731769153,-33.4510510891318],[-70.7317534909999,-33.4510242541317],[-70.73217168,-33.4510229201317],[-70.7322245139999,-33.4510086541318],[-70.732238282,-33.4509284531318],[-70.732230027,-33.4500099161318],[-70.73226002,-33.4499574621318],[-70.732524261,-33.4499648951318],[-70.732529858,-33.4499650521318],[-70.732534417,-33.4499663461318],[-70.732567724,-33.4499757951318],[-70.7327606389999,-33.4500407341318],[-70.7332504349999,-33.4501917031318],[-70.7332646999999,-33.4497090361318],[-70.733249741,-33.4496694611318],[-70.733239877,-33.4496662901318],[-70.7331818229999,-33.4496476301318],[-70.7329161819999,-33.4495622441318],[-70.732736525,-33.4495044951318],[-70.732691739,-33.4494948871318],[-70.732292554,-33.4494092461318],[-70.7322780389999,-33.4494042571318],[-70.7322477549999,-33.4494014471318],[-70.73222108,-33.4493989721318],[-70.7321528539999,-33.4493999261318],[-70.731970135,-33.4493573881318],[-70.7318331019999,-33.4492961761318],[-70.7318232599999,-33.4492910301318],[-70.731813404,-33.4492858761318],[-70.73168193,-33.4492171251318],[-70.73158377,-33.4491656361318],[-70.731539587,-33.4491424601318],[-70.731525415,-33.4491363421318],[-70.731418193,-33.4490900471318],[-70.731242966,-33.4490571511318],[-70.7312393509999,-33.4490564721318],[-70.731226119,-33.4490550591318],[-70.731029,-33.4490340071318],[-70.7310162919999,-33.4490326501318],[-70.731015317,-33.4490325461318],[-70.731015326,-33.4490333091318],[-70.731015327,-33.4490334551318],[-70.731016075,-33.4490963561318],[-70.731016578,-33.4491386431318],[-70.731016817,-33.4491587791318],[-70.731016758,-33.4491587791318],[-70.731013063,-33.4491587891318],[-70.730895185,-33.4491591181318],[-70.729645007,-33.4491625991318],[-70.7294025739999,-33.4491632741318],[-70.7288339369999,-33.4491628331318],[-70.728790047,-33.4491627991318],[-70.728758215,-33.4491512191318],[-70.7287405229999,-33.4491349331318],[-70.728740221,-33.4491300741318],[-70.728720101,-33.4488063341318],[-70.728715473,-33.4487318721318],[-70.7287154169999,-33.4487309711318],[-70.728595555,-33.4487574111318],[-70.7284311559999,-33.4487915441318],[-70.727968645,-33.4488875711318],[-70.727969403,-33.4488901711318],[-70.727809413,-33.4489235301318],[-70.7277608269999,-33.4489336601318],[-70.7277608699999,-33.4489345441318],[-70.7277611229999,-33.4489397751318],[-70.72776146,-33.4489467131318],[-70.727763323,-33.4489851791318],[-70.7277633369999,-33.4489854721318],[-70.7277782099999,-33.4490569041318],[-70.727778224,-33.4490569711318]]]},"properties":{"NUM_UV":"23","NOM_UV":"23"}},{"type":"Feature","geometry":{"type":"Polygon","coordinates":[[[-70.73475289,-33.4413158491319],[-70.7347503569999,-33.4417071671319],[-70.734750253,-33.4417071661319],[-70.73473,-33.4417070271319],[-70.7347020399999,-33.4417068341318],[-70.734691313,-33.4417067601319],[-70.734683925,-33.4417067091319],[-70.7346565619999,-33.4417065211319],[-70.734646255,-33.4417064501319],[-70.734601375,-33.4417061411319],[-70.734712851,-33.4417087751319],[-70.73473,-33.4417091801319],[-70.7351644669999,-33.4417194451319],[-70.735303734,-33.4417227351319],[-70.735417449,-33.4417259341319],[-70.7355915649999,-33.4417308311319],[-70.735836908,-33.4417377321319],[-70.7359643249999,-33.4417413171319],[-70.736518825,-33.4417600251319],[-70.736518814,-33.4417599401319],[-70.7365180419999,-33.4417568901319],[-70.736403374,-33.4412981221319],[-70.7364033659999,-33.4412980921319],[-70.736369824,-33.4411712801319],[-70.736258595,-33.4407742361319],[-70.7362521809999,-33.4407438241319],[-70.736240998,-33.4406718361319],[-70.7362434309999,-33.4404734041319],[-70.7362444839999,-33.4404627841319],[-70.7362457629999,-33.4404499031319],[-70.7362418879999,-33.4403824581319],[-70.736240889,-33.4403650651319],[-70.73622761,-33.4403442431319],[-70.736212485,-33.4403205291319],[-70.736208855,-33.4401093891319],[-70.736206129,-33.4399508761319],[-70.736206221,-33.4397615091319],[-70.736206314,-33.4395721141319],[-70.736205274,-33.4392621681319],[-70.7362052239999,-33.439247477132],[-70.7362007789999,-33.4392123691319],[-70.736197384,-33.4391855551319],[-70.736197246,-33.4391844621319],[-70.7359707959999,-33.4391831241319],[-70.735744413,-33.4391821311319],[-70.735284196,-33.4391801121319],[-70.735183643,-33.439180617132],[-70.734748479,-33.4391827991319],[-70.734749875,-33.4396285711319],[-70.7347544949999,-33.4401841591319],[-70.7347560119999,-33.4403680811319],[-70.7347560859999,-33.4403769891319],[-70.734752805,-33.4407828531319],[-70.734752521,-33.4408179691319],[-70.73475289,-33.4413158491319]]]},"properties":{"NUM_UV":"24","NOM_UV":"24"}},{"type":"Feature","geometry":{"type":"Polygon","coordinates":[[[-70.730974739,-33.4445428331318],[-70.7309749309999,-33.4445573311318],[-70.7309749739999,-33.4445605681319],[-70.7309750639999,-33.4445673591318],[-70.730975197,-33.4445773601319],[-70.730975569,-33.4446054671319],[-70.730975571,-33.4446056571318],[-70.730975587,-33.4446071961319],[-70.730975589,-33.4446073861319],[-70.730975633,-33.4446115301319],[-70.7309757789999,-33.4446254791319],[-70.7309759079999,-33.4446372911319],[-70.730976082,-33.4446544891318],[-70.7309815209999,-33.4451815521318],[-70.730981523,-33.4451817641319],[-70.730982136,-33.4452454081318],[-70.730983334,-33.4453700171318],[-70.7309858359999,-33.4456300281319],[-70.730985845,-33.4456309001318],[-70.730990001,-33.4460628801318],[-70.730990114,-33.4460748341318],[-70.7309902919999,-33.4460932091318],[-70.7309913289999,-33.4462010081318],[-70.730991331,-33.4462011981319],[-70.730991332,-33.4462013521318],[-70.73099144,-33.4462148591318],[-70.730994741,-33.4466295211318],[-70.730995016,-33.4466559031318],[-70.730999243,-33.4470618921318],[-70.730999745,-33.4471100591318],[-70.730999759,-33.4471113391318],[-70.7309999999999,-33.4471345271318],[-70.7310002359999,-33.4471569921318],[-70.731000243,-33.4471578741318],[-70.731001288,-33.4472883341318],[-70.731002835,-33.4474816191318],[-70.731003643,-33.4475825591318],[-70.7310095879999,-33.4480350031318],[-70.731009587,-33.4480350341318],[-70.73100988,-33.4481760971318],[-70.731009999,-33.4482341631318],[-70.731010709,-33.4485792191318],[-70.731010751,-33.4485997421318],[-70.7310107599999,-33.4486007431318],[-70.7310118249999,-33.4487214711318],[-70.731015317,-33.4490325461318],[-70.7310162919999,-33.4490326501318],[-70.731029,-33.4490340071318],[-70.731226119,-33.4490550591318],[-70.7312393509999,-33.4490564721318],[-70.731242966,-33.4490571511318],[-70.731418193,-33.4490900471318],[-70.731525415,-33.4491363421318],[-70.731539587,-33.4491424601318],[-70.73158377,-33.4491656361318],[-70.73168193,-33.4492171251318],[-70.731813404,-33.4492858761318],[-70.7318232599999,-33.4492910301318],[-70.7318331019999,-33.4492961761318],[-70.731970135,-33.4493573881318],[-70.7321528539999,-33.4493999261318],[-70.73222108,-33.4493989721318],[-70.7322477549999,-33.4494014471318],[-70.7322780389999,-33.4494042571318],[-70.732292554,-33.4494092461318],[-70.732691739,-33.4494948871318],[-70.732736525,-33.4495044951318],[-70.7329161819999,-33.4495622441318],[-70.7331818229999,-33.4496476301318],[-70.733239877,-33.4496662901318],[-70.733249741,-33.4496694611318],[-70.734278897,-33.4500014661318],[-70.734426478,-33.4500449931318],[-70.7344312499999,-33.4500464001318],[-70.734792542,-33.4501529601318],[-70.735054296,-33.4502252471318],[-70.735440667,-33.4503319491318],[-70.7359117,-33.4504622821318],[-70.736184259,-33.4505376971318],[-70.736184044,-33.4505369811318],[-70.736050806,-33.4500947711318],[-70.736029752,-33.4500248941318],[-70.735957873,-33.4497863301318],[-70.7359513069999,-33.4497435881318],[-70.7359553049999,-33.4497164761318],[-70.7359674099999,-33.4496997731318],[-70.735994241,-33.4496798601318],[-70.7368526449999,-33.4495009991318],[-70.737223333,-33.4494366851318],[-70.7373612489999,-33.4494127561318],[-70.737361542,-33.4494127051318],[-70.737357995,-33.4494003401318],[-70.737341893,-33.4493442201318],[-70.737217656,-33.4489112071318],[-70.737172243,-33.4487529261318],[-70.7371551539999,-33.4486934681318],[-70.7369927349999,-33.4481283371318],[-70.736828179,-33.4475540321318],[-70.7367920089999,-33.4474277931318],[-70.736791979,-33.4474276891318],[-70.736741814,-33.4472523991318],[-70.736633892,-33.4468752911318],[-70.736461773,-33.4462782181318],[-70.736461736,-33.4462780911318],[-70.7364617169999,-33.4462780271318],[-70.736461661,-33.4462778301319],[-70.736461553,-33.4462774561318],[-70.736411416,-33.4461028521318],[-70.736419053,-33.4457362071319],[-70.7364234409999,-33.4455255261319],[-70.736426907,-33.4454291101318],[-70.736429785,-33.4453490641318],[-70.7364486709999,-33.4448237751319],[-70.7364487039999,-33.4448228351319],[-70.736450937,-33.4447607221318],[-70.736450949,-33.4447605341318],[-70.736450986,-33.4447599521319],[-70.736452243,-33.4447402801319],[-70.736454301,-33.4447080671318],[-70.73645447,-33.4447054241318],[-70.73645655,-33.4446728771319],[-70.736460165,-33.4446163061318],[-70.7364676,-33.4446164001319],[-70.736487391,-33.4446166481319],[-70.736490282,-33.4446166841319],[-70.736593544,-33.4446179781318],[-70.736611157,-33.4446181991319],[-70.736467634,-33.4446160221319],[-70.736459956,-33.4446159061318],[-70.7361240229999,-33.4446108131318],[-70.736123746,-33.4446108091319],[-70.7361236949999,-33.4446108081319],[-70.736123573,-33.4446108061318],[-70.735475798,-33.4446000021318],[-70.734671657,-33.4445865851319],[-70.734668185,-33.4445865281318],[-70.734538876,-33.4445843701318],[-70.7344535939999,-33.4445832881319],[-70.734450231,-33.4445832451319],[-70.733780299,-33.4445747391319],[-70.7337340619999,-33.4445741521319],[-70.733653604,-33.4445725301318],[-70.733130112,-33.4445619711319],[-70.733107509,-33.4445617061318],[-70.732494899,-33.4445543321318],[-70.732418626,-33.4445531981319],[-70.731804188,-33.4445440421319],[-70.731774201,-33.4445441301318],[-70.731740949,-33.4445442271319],[-70.731500427,-33.4445449301319],[-70.731498857,-33.4445449351318],[-70.7314804329999,-33.4445449891318],[-70.731473587,-33.4445450091319],[-70.731460881,-33.4445450461319],[-70.731405019,-33.4445452091318],[-70.7314005059999,-33.4445452221319],[-70.731358945,-33.4445453441318],[-70.731355661,-33.4445453541318],[-70.7313378169999,-33.4445454061319],[-70.731327107,-33.4445454371319],[-70.731167663,-33.4445459031318],[-70.731110814,-33.4445460701318],[-70.7310345229999,-33.4445462931319],[-70.7310344959999,-33.4445463201319],[-70.731001507,-33.4445443531319],[-70.73099876,-33.4445441931318],[-70.7309959409999,-33.4445440271318],[-70.730974739,-33.4445427791319],[-70.730974739,-33.4445428331318]]]},"properties":{"NUM_UV":"3","NOM_UV":"3"}},{"type":"Feature","geometry":{"type":"Polygon","coordinates":[[[-70.740613439,-33.4446431571319],[-70.74063396,-33.4446444721319],[-70.740633949,-33.4446433431318],[-70.740633927,-33.4446368181319],[-70.7406339249999,-33.4446362391319],[-70.740633885,-33.4446244941319],[-70.740633883,-33.4446241531318],[-70.740633756,-33.4445869471318],[-70.740633547,-33.4445257951318],[-70.74063354,-33.4445238571319],[-70.740633439,-33.4444944121319],[-70.740633235,-33.4444344801319],[-70.7406331559999,-33.4444113731319],[-70.7406212989999,-33.4439957211318],[-70.740620296,-33.4439605801318],[-70.7406202079999,-33.4439575061318],[-70.740620119,-33.4439543641319],[-70.740618786,-33.4439076331319],[-70.74061829,-33.4438902581319],[-70.74061799,-33.4438797491319],[-70.7406065229999,-33.4434777131319],[-70.74060523,-33.4434324291319],[-70.740604017,-33.4433898941319],[-70.7406027879999,-33.4433467961319],[-70.740601929,-33.4433166981319],[-70.7406006269999,-33.4432710411318],[-70.740599646,-33.4432240761319],[-70.7405951059999,-33.4430068481319],[-70.7405943479999,-33.4429705771319],[-70.740594154,-33.4429613181319],[-70.740592584,-33.4428861881319],[-70.7405923539999,-33.4428752071319],[-70.7405920969999,-33.4428653241319],[-70.74059126,-33.4428333091319],[-70.740589669,-33.4427723911318],[-70.740587213,-33.4426783081319],[-70.74058494,-33.4425912541319],[-70.740584833,-33.4425871561319],[-70.7405821689999,-33.4424851521319],[-70.740580983,-33.4424397161319],[-70.740580928,-33.4424376451319],[-70.7405774499999,-33.4423044041319],[-70.740577382,-33.4423018041319],[-70.740574134,-33.4421774101319],[-70.740573597,-33.4421568481319],[-70.740571307,-33.4420691371319],[-70.740570466,-33.4420369231319],[-70.7405688759999,-33.4419760291319],[-70.7405683439999,-33.4419556111319],[-70.740567159,-33.4419102691319],[-70.740567792,-33.4419000181319],[-70.7404525749999,-33.4418675721319],[-70.74044495,-33.4418654241319],[-70.7404402829999,-33.4418653271319],[-70.740041006,-33.4418570001319],[-70.73977489,-33.4418514501319],[-70.739511114,-33.4418433181319],[-70.7389399099999,-33.4418257071319],[-70.7383108189999,-33.4418069941319],[-70.7373937,-33.4417816951319],[-70.737168316,-33.4417761131319],[-70.736518825,-33.4417600251319],[-70.7359643249999,-33.4417413171319],[-70.735836908,-33.4417377321319],[-70.7355915649999,-33.4417308311319],[-70.735417449,-33.4417259341319],[-70.735303734,-33.4417227351319],[-70.7351644669999,-33.4417194451319],[-70.73473,-33.4417091801319],[-70.734712851,-33.4417087751319],[-70.734601375,-33.4417061411319],[-70.734589767,-33.4417059631319],[-70.7345869229999,-33.4417059191319],[-70.7345064099999,-33.4417046821319],[-70.734481707,-33.4417043031319],[-70.7344816849999,-33.4417073921319],[-70.7344813019999,-33.4417632811319],[-70.734478634,-33.4421522561319],[-70.734478144,-33.4422236361319],[-70.734476538,-33.4424577261319],[-70.73447637,-33.4424822821319],[-70.73447616,-33.4425128521319],[-70.7344758789999,-33.4425538221319],[-70.734474018,-33.4428250491319],[-70.734472345,-33.4430689571319],[-70.7344723369999,-33.4430701311319],[-70.734471926,-33.4431301361319],[-70.7344699779999,-33.4431515591318],[-70.734468933,-33.4431630541319],[-70.734469625,-33.4431771261319],[-70.73447113,-33.4432077081319],[-70.734458343,-33.4442108031319],[-70.7344540559999,-33.4445470451319],[-70.7344535939999,-33.4445832881319],[-70.734538876,-33.4445843701318],[-70.734668185,-33.4445865281318],[-70.734671657,-33.4445865851319],[-70.735475798,-33.4446000021318],[-70.736123573,-33.4446108061318],[-70.7361236949999,-33.4446108081319],[-70.736123746,-33.4446108091319],[-70.7361240229999,-33.4446108131318],[-70.736459956,-33.4446159061318],[-70.736467634,-33.4446160221319],[-70.736611157,-33.4446181991319],[-70.7368996119999,-33.4446218161319],[-70.737078772,-33.4446240621318],[-70.7372294429999,-33.4446259511318],[-70.738590523,-33.4446470431318],[-70.739520059,-33.4446425981319],[-70.7396774389999,-33.4446418441319],[-70.7405199999999,-33.4446378071319],[-70.740529293,-33.4446377621318],[-70.740613439,-33.4446431571319]]]},"properties":{"NUM_UV":"4","NOM_UV":"4"}},{"type":"Feature","geometry":{"type":"Polygon","coordinates":[[[-70.734721333,-33.436491723132],[-70.734721722,-33.4365356381319],[-70.734730564,-33.437530871132],[-70.73473066,-33.437541632132],[-70.734730858,-33.437560483132],[-70.734735211,-33.4380087231319],[-70.73473702,-33.4381943381319],[-70.734743473,-33.4387628761319],[-70.7347477709999,-33.4391234991319],[-70.734747773,-33.439123592132],[-70.73474815,-33.4391552291319],[-70.734748445,-33.4391800001319],[-70.734748479,-33.4391827991319],[-70.735183643,-33.439180617132],[-70.735284196,-33.4391801121319],[-70.735744413,-33.4391821311319],[-70.7359707959999,-33.4391831241319],[-70.736197246,-33.4391844621319],[-70.736197384,-33.4391855551319],[-70.7362007789999,-33.4392123691319],[-70.7362052239999,-33.439247477132],[-70.736205274,-33.4392621681319],[-70.736206314,-33.4395721141319],[-70.736206221,-33.4397615091319],[-70.736206129,-33.4399508761319],[-70.736208855,-33.4401093891319],[-70.736212485,-33.4403205291319],[-70.73622761,-33.4403442431319],[-70.736240889,-33.4403650651319],[-70.7362418879999,-33.4403824581319],[-70.7362457629999,-33.4404499031319],[-70.7362444839999,-33.4404627841319],[-70.7362434309999,-33.4404734041319],[-70.736240998,-33.4406718361319],[-70.7362521809999,-33.4407438241319],[-70.736258595,-33.4407742361319],[-70.736369824,-33.4411712801319],[-70.7364033659999,-33.4412980921319],[-70.736403374,-33.4412981221319],[-70.7365180419999,-33.4417568901319],[-70.736518814,-33.4417599401319],[-70.736518825,-33.4417600251319],[-70.737168316,-33.4417761131319],[-70.7373937,-33.4417816951319],[-70.7383108189999,-33.4418069941319],[-70.7389399099999,-33.4418257071319],[-70.739511114,-33.4418433181319],[-70.73977489,-33.4418514501319],[-70.740041006,-33.4418570001319],[-70.7404402829999,-33.4418653271319],[-70.74044495,-33.4418654241319],[-70.7404525749999,-33.4418675721319],[-70.740567792,-33.4419000181319],[-70.740569879,-33.4418663131319],[-70.7405699139999,-33.4418655251319],[-70.740571781,-33.4418286261319],[-70.740572356,-33.4418172951319],[-70.7405734009999,-33.4417966681319],[-70.740575854,-33.4417482341319],[-70.7405791429999,-33.4417095951319],[-70.740582858,-33.4416659521319],[-70.740591175,-33.4415682441319],[-70.7405915539999,-33.4415637881319],[-70.740592496,-33.4415527251319],[-70.740594084,-33.4415340651319],[-70.740602741,-33.4414323561319],[-70.740603821,-33.4414196721319],[-70.740604843,-33.4414076641319],[-70.740610531,-33.4413408321319],[-70.7406171649999,-33.4412629001319],[-70.74062665,-33.4411514711319],[-70.740627909,-33.4411366741319],[-70.740629767,-33.4411148401319],[-70.74063118,-33.4410982371319],[-70.740633443,-33.4410716531319],[-70.740642204,-33.4409687311319],[-70.740642571,-33.4409644241319],[-70.740648434,-33.4408955401319],[-70.7406563549999,-33.4408024791319],[-70.740661631,-33.4407404941319],[-70.7406624019999,-33.4407314371319],[-70.74066248,-33.4407305171319],[-70.740665368,-33.4406965841319],[-70.740667935,-33.4406664291319],[-70.740668695,-33.4406574961319],[-70.740672021,-33.4406184361319],[-70.7406737919999,-33.4405976211319],[-70.740674298,-33.4405916721319],[-70.740676719,-33.4405632241319],[-70.7406776299999,-33.4405525271319],[-70.7406838209999,-33.4404797921319],[-70.740685985,-33.4404543641319],[-70.740686565,-33.4404475491319],[-70.7406913189999,-33.4403917011319],[-70.740697019,-33.4403247331319],[-70.740697084,-33.4403239681319],[-70.7406972799999,-33.4403216711319],[-70.7406979309999,-33.4403117421319],[-70.740698579,-33.4403018621319],[-70.740699518,-33.4402875391319],[-70.740709367,-33.4401631241319],[-70.740715935,-33.4400801611319],[-70.7407169689999,-33.4400671031319],[-70.740718726,-33.4400449051319],[-70.74072125,-33.4400130171319],[-70.74072196,-33.4400040511319],[-70.740723176,-33.4399886881319],[-70.7407234729999,-33.4399849351319],[-70.740729981,-33.4399027321319],[-70.740730048,-33.4399018831319],[-70.7407323199999,-33.4398731801319],[-70.740733397,-33.4398595791319],[-70.7407355289999,-33.4398326441319],[-70.7407367119999,-33.4398177061319],[-70.740743745,-33.4397288591319],[-70.740745359,-33.4397084761319],[-70.740752856,-33.4396137781319],[-70.7407532349999,-33.4396089891319],[-70.740754543,-33.4395924651319],[-70.740756961,-33.4395489791319],[-70.740756975,-33.4395487301319],[-70.740757673,-33.4395361781319],[-70.7407578689999,-33.4395326521319],[-70.7407590879999,-33.4395107161319],[-70.740760618,-33.4394831951319],[-70.740760859,-33.4394788561319],[-70.740761595,-33.4394656241319],[-70.740763196,-33.4394368281319],[-70.740765492,-33.4393955331319],[-70.740768378,-33.4393436151319],[-70.740771297,-33.4392911101319],[-70.740772165,-33.4392754921319],[-70.740773544,-33.4392507091319],[-70.7407750529999,-33.4392235431319],[-70.740775189,-33.4392210971319],[-70.7407753419999,-33.4392183531319],[-70.740778435,-33.4391627261319],[-70.74077958,-33.4391421391319],[-70.740780527,-33.4391251071319],[-70.740782192,-33.4390951561319],[-70.7407822879999,-33.4390934371319],[-70.74078244,-33.4390907061319],[-70.740782693,-33.4390861481319],[-70.740782695,-33.4390861081319],[-70.74078271,-33.439085832132],[-70.740782912,-33.4390822081319],[-70.7407829209999,-33.4390820511319],[-70.740782941,-33.4390816951319],[-70.7407829489999,-33.4390815421319],[-70.74078317,-33.4390775721319],[-70.740783332,-33.4390746751319],[-70.740783779,-33.439066643132],[-70.7407838029999,-33.4390662041319],[-70.740783914,-33.4390641941319],[-70.740783934,-33.4390638421319],[-70.740783966,-33.4390632601319],[-70.740784089,-33.4390610561319],[-70.7407845509999,-33.4390527601319],[-70.740784554,-33.4390526881319],[-70.7407846899999,-33.4390502561319],[-70.740784726,-33.4390496131319],[-70.740784773,-33.4390487681319],[-70.740784804,-33.4390482091319],[-70.740785376,-33.4390379331319],[-70.74078538,-33.4390378641319],[-70.7407855549999,-33.4390347421319],[-70.740785742,-33.4390314241319],[-70.740786043,-33.4390261001319],[-70.740786247,-33.4390224221319],[-70.740786387,-33.4390199651319],[-70.7407867759999,-33.4390129641319],[-70.7407870759999,-33.4390075511319],[-70.740787089,-33.4390073061319],[-70.740787185,-33.4390056061319],[-70.7407872589999,-33.4390042131319],[-70.7407876359999,-33.4389973101319],[-70.7407884849999,-33.438981991132],[-70.740788713,-33.438977885132],[-70.740788918,-33.4389741751319],[-70.740788978,-33.438973095132],[-70.740790132,-33.4389520861319],[-70.7407913009999,-33.438930794132],[-70.740795083,-33.4388619101319],[-70.740795668,-33.4388512581319],[-70.740795845,-33.4388480371319],[-70.740797124,-33.4388247451319],[-70.7408010299999,-33.4387536101319],[-70.740809124,-33.4386062001319],[-70.740812682,-33.4385413961319],[-70.740813139,-33.4385330681319],[-70.740814633,-33.438505863132],[-70.740815077,-33.438497775132],[-70.740817783,-33.4384484781319],[-70.740818346,-33.4384382501319],[-70.740820664,-33.438396034132],[-70.740822033,-33.4383711011319],[-70.7408262609999,-33.4382940991319],[-70.7408291679999,-33.4382411491319],[-70.740837142,-33.4381462701319],[-70.740837584,-33.4381410111319],[-70.740842067,-33.4380876771319],[-70.7408440359999,-33.438064243132],[-70.740844296,-33.4380611471319],[-70.7408458689999,-33.4380424351319],[-70.7408463899999,-33.4380362371319],[-70.7408491849999,-33.4380029861319],[-70.740852299,-33.4379659341319],[-70.7408549689999,-33.437934171132],[-70.7408577109999,-33.437891704132],[-70.7408582209999,-33.4378838171319],[-70.740864276,-33.4377874531319],[-70.74086693,-33.4377452201319],[-70.740871533,-33.4376719751319],[-70.7408725029999,-33.437656539132],[-70.7408756689999,-33.4376061491319],[-70.740878844,-33.437555633132],[-70.740888422,-33.4374032111319],[-70.740898473,-33.4372432811319],[-70.740904961,-33.437140046132],[-70.7409109769999,-33.437044309132],[-70.740921186,-33.4368818511319],[-70.740926809,-33.4367924851319],[-70.7409458779999,-33.436489421132],[-70.740946423,-33.436480767132],[-70.740946602,-33.436477919132],[-70.740948209,-33.436452393132],[-70.740948257,-33.436451633132],[-70.740949309,-33.4364349051319],[-70.7409494949999,-33.436431947132],[-70.740935038,-33.436433030132],[-70.740899269,-33.436435708132],[-70.7408528189999,-33.436439186132],[-70.740843683,-33.4364398701319],[-70.740842761,-33.4364399391319],[-70.740838745,-33.436440240132],[-70.740819965,-33.436441646132],[-70.74081992,-33.436441649132],[-70.740811387,-33.436442288132],[-70.7407996919999,-33.4364422851319],[-70.740776991,-33.436442280132],[-70.740770791,-33.4364422791319],[-70.740769329,-33.4364422791319],[-70.7407452849999,-33.4364422731319],[-70.740744014,-33.4364422731319],[-70.7407141259999,-33.436442266132],[-70.74066664,-33.436442256132],[-70.740640495,-33.436442249132],[-70.740482747,-33.436442212132],[-70.74008656,-33.4364421181319],[-70.740004475,-33.436442098132],[-70.7396347179999,-33.4364420101319],[-70.739562608,-33.4364419931319],[-70.7393998539999,-33.436441954132],[-70.7392343179999,-33.436441915132],[-70.7392315719999,-33.4364419141319],[-70.739225104,-33.4364419241319],[-70.7391567399999,-33.436442026132],[-70.739078772,-33.436442142132],[-70.739009559,-33.436442246132],[-70.738742439,-33.436442646132],[-70.738494991,-33.4364430161319],[-70.738429711,-33.436443114132],[-70.7383487929999,-33.436443235132],[-70.7383081569999,-33.436443296132],[-70.738104431,-33.4364436011319],[-70.738037113,-33.436443702132],[-70.737949782,-33.4364438331319],[-70.737862849,-33.436443963132],[-70.7378209189999,-33.4364440261319],[-70.737791847,-33.4364440691319],[-70.737791637,-33.4364440681319],[-70.737774422,-33.436443755132],[-70.7377244799999,-33.436442845132],[-70.7377215819999,-33.436442792132],[-70.737720789,-33.4364427781319],[-70.737669664,-33.436441846132],[-70.737651757,-33.436441520132],[-70.7375732519999,-33.436442376132],[-70.737347273,-33.436444842132],[-70.737340127,-33.436444919132],[-70.7373358849999,-33.436444965132],[-70.737333532,-33.436444991132],[-70.737331818,-33.4364450101319],[-70.737328635,-33.436445045132],[-70.7373128,-33.436445218132],[-70.737311948,-33.436445227132],[-70.7372725279999,-33.436445657132],[-70.7372709429999,-33.436445674132],[-70.737268122,-33.436445705132],[-70.7372584,-33.4364458111319],[-70.7372566779999,-33.436445830132],[-70.737255343,-33.436445845132],[-70.73725412,-33.436445858132],[-70.73725246,-33.436445876132],[-70.73724953,-33.4364459081319],[-70.737241674,-33.436445994132],[-70.737234566,-33.436446072132],[-70.737227186,-33.436446153132],[-70.7369763999999,-33.4364488901319],[-70.7367698469999,-33.436451144132],[-70.736310088,-33.4364561621319],[-70.736272414,-33.436456573132],[-70.736200912,-33.436457354132],[-70.736195287,-33.4364574151319],[-70.736109262,-33.436456434132],[-70.736020923,-33.436455426132],[-70.7359392129999,-33.4364544941319],[-70.73571323,-33.436451915132],[-70.735694971,-33.436451707132],[-70.7353840119999,-33.436448161132],[-70.735285013,-33.4364470301319],[-70.735266285,-33.436446815132],[-70.735264431,-33.436446794132],[-70.7350762029999,-33.436444647132],[-70.735070906,-33.436444587132],[-70.734965562,-33.436443385132],[-70.734964437,-33.436443372132],[-70.734908398,-33.436442733132],[-70.734878356,-33.436442390132],[-70.734775489,-33.436441216132],[-70.734764492,-33.436432354132],[-70.7347440199999,-33.436415857132],[-70.734720489,-33.436396895132],[-70.7347206009999,-33.4364094921319],[-70.734720609,-33.4364104361319],[-70.734721174,-33.4364739121319],[-70.73472121,-33.4364779641319],[-70.7347213199999,-33.436490398132],[-70.734721333,-33.436491723132]]]},"properties":{"NUM_UV":"5","NOM_UV":"5"}},{"type":"Feature","geometry":{"type":"Polygon","coordinates":[[[-70.7295172519999,-33.436321419132],[-70.729490211,-33.436323978132],[-70.72949018,-33.436323978132],[-70.729296495,-33.4363422971319],[-70.7292496919999,-33.4363467221319],[-70.729061918,-33.4363644801319],[-70.7289953379999,-33.436370777132],[-70.72897255,-33.436372932132],[-70.72896582,-33.4363735691319],[-70.7289048389999,-33.436383437132],[-70.728853269,-33.436393175132],[-70.728798027,-33.4364111901319],[-70.728795492,-33.4364120171319],[-70.728789213,-33.436414760132],[-70.7287847429999,-33.436416712132],[-70.72873151,-33.436439963132],[-70.7286878309999,-33.436459149132],[-70.728615974,-33.4364907081319],[-70.7286148809999,-33.436491189132],[-70.728546716,-33.4365276301319],[-70.728546689,-33.436527642132],[-70.728229474,-33.436697221132],[-70.7282046299999,-33.436710503132],[-70.728166514,-33.436730879132],[-70.728164533,-33.436731938132],[-70.7281494549999,-33.436739640132],[-70.728101173,-33.436764301132],[-70.7280483119999,-33.4367913021319],[-70.727865052,-33.436884911132],[-70.7278650229999,-33.436884922132],[-70.7278538159999,-33.436890482132],[-70.7277644609999,-33.436934804132],[-70.727526871,-33.437052652132],[-70.727490914,-33.4370704871319],[-70.7274446549999,-33.437087858132],[-70.727358889,-33.437120066132],[-70.727355136,-33.437121475132],[-70.727310964,-33.437138062132],[-70.727291392,-33.4371454121319],[-70.727267795,-33.4371548191319],[-70.7272251589999,-33.4371718171319],[-70.7271955909999,-33.4371836041319],[-70.727140452,-33.4372055851319],[-70.7271273109999,-33.437210824132],[-70.7270875679999,-33.437226037132],[-70.726956172,-33.437276335132],[-70.726686338,-33.4373338781319],[-70.726684715,-33.437334223132],[-70.72665584,-33.437339067132],[-70.726567458,-33.4373538941319],[-70.726564389,-33.437354361132],[-70.726206566,-33.4374088341319],[-70.7259808379999,-33.437443198132],[-70.7259806599999,-33.4374432271319],[-70.7259806289999,-33.437443231132],[-70.725931171,-33.4374508341319],[-70.725705779,-33.4374854801319],[-70.725659223,-33.4374926361319],[-70.7255936,-33.4375027231319],[-70.725434223,-33.4375306851319],[-70.725342596,-33.4375467611319],[-70.725342375,-33.4375468011319],[-70.725342344,-33.4375468061319],[-70.725308129,-33.4375534491319],[-70.725210224,-33.437572458132],[-70.725167246,-33.4375808021319],[-70.7251486169999,-33.4375846491319],[-70.724905927,-33.437634756132],[-70.7247546359999,-33.4376659931319],[-70.724719234,-33.4376733031319],[-70.7247192029999,-33.4376733081319],[-70.724704758,-33.4376762911319],[-70.7246989079999,-33.4376774991319],[-70.724694603,-33.4376785481319],[-70.724612164,-33.4376986351319],[-70.7245573179999,-33.437711999132],[-70.724398202,-33.4377507711319],[-70.7243456529999,-33.4377635751319],[-70.724263048,-33.4378188331319],[-70.7241793219999,-33.4379698041319],[-70.723980662,-33.4383280151319],[-70.7239203139999,-33.438436831132],[-70.723903869,-33.438471833132],[-70.7238819299999,-33.438518527132],[-70.723851064,-33.4385668301319],[-70.723814406,-33.4386241961319],[-70.723812156,-33.438627716132],[-70.723770971,-33.4386997381319],[-70.7237705699999,-33.4387004391319],[-70.723706879,-33.4387155511319],[-70.723642656,-33.4387307901319],[-70.723528592,-33.438757857132],[-70.723528562,-33.4387578631319],[-70.723528342,-33.438757916132],[-70.7235283109999,-33.4387579191319],[-70.7234567049999,-33.438768171132],[-70.723338731,-33.4387850591319],[-70.723273891,-33.4387943401319],[-70.7232624169999,-33.4387959831319],[-70.7231525779999,-33.4388117071319],[-70.723129087,-33.438815069132],[-70.7231239079999,-33.438815811132],[-70.7230758429999,-33.438822691132],[-70.723074826,-33.4388228371319],[-70.7230351329999,-33.4388316441319],[-70.7228797129999,-33.4388661291319],[-70.7228069719999,-33.4388761591319],[-70.7228069399999,-33.4388761591319],[-70.722778849,-33.4388797511319],[-70.722675809,-33.4388929171319],[-70.7224876,-33.4389169641319],[-70.7224726489999,-33.4389188741319],[-70.72245248,-33.4389214511319],[-70.722447715,-33.4389220601319],[-70.72241099,-33.438926752132],[-70.7224121149999,-33.4389295551319],[-70.7224144749999,-33.4389354271319],[-70.722462392,-33.4390546921319],[-70.722470258,-33.4390746181319],[-70.722737273,-33.4397509841319],[-70.7227492279999,-33.4397686271319],[-70.7227743019999,-33.4398310371319],[-70.7228273859999,-33.4399631651319],[-70.722828587,-33.4399661501319],[-70.722834129,-33.4399777841319],[-70.722853098,-33.4400176021319],[-70.722855355,-33.4400223401319],[-70.722863874,-33.4400402221319],[-70.72288774,-33.4400903201319],[-70.722924021,-33.4401664771319],[-70.722927069,-33.4401989371319],[-70.722937725,-33.4403124221319],[-70.722937988,-33.4403152241319],[-70.7229482399999,-33.4404244121319],[-70.722953586,-33.4404229671319],[-70.7229698359999,-33.440418575132],[-70.723031627,-33.4404018741319],[-70.723045753,-33.4403980561319],[-70.723127943,-33.4403814251319],[-70.723683368,-33.4402690361319],[-70.724003215,-33.4402056311319],[-70.7243893099999,-33.4401290911319],[-70.7251037519999,-33.4399826221319],[-70.725501139,-33.4399077481319],[-70.725805964,-33.4398503131319],[-70.726513531,-33.4397103361319],[-70.7271302,-33.4395807961319],[-70.7277534789999,-33.4394498551319],[-70.727924335,-33.4394193031319],[-70.7285223979999,-33.4393123561319],[-70.728886594,-33.4392992481319],[-70.7294591639999,-33.4392786381319],[-70.7301037249999,-33.4392876811319],[-70.730931276,-33.4393031851319],[-70.731366142,-33.4393248771319],[-70.731506727,-33.4393318891319],[-70.7316375359999,-33.4393384131319],[-70.731702874,-33.4393581541319],[-70.732151043,-33.4394935591319],[-70.732265183,-33.4395280431319],[-70.732325045,-33.4395632791319],[-70.732514554,-33.4396778671319],[-70.7326127699999,-33.4397486391319],[-70.732675007,-33.4398018781319],[-70.733046792,-33.4401574061319],[-70.733109014,-33.4402144761319],[-70.733114585,-33.4402195851319],[-70.7331755449999,-33.4401916781319],[-70.7334529039999,-33.4400304661319],[-70.73402298,-33.4396991121319],[-70.734177098,-33.4396095321319],[-70.734492018,-33.4396200001319],[-70.73472,-33.4396275781319],[-70.734749875,-33.4396285711319],[-70.734748479,-33.4391827991319],[-70.734748445,-33.4391800001319],[-70.73474815,-33.4391552291319],[-70.734747773,-33.439123592132],[-70.7347477709999,-33.4391234991319],[-70.734743473,-33.4387628761319],[-70.73473702,-33.4381943381319],[-70.734735211,-33.4380087231319],[-70.734730858,-33.437560483132],[-70.73473066,-33.437541632132],[-70.734730564,-33.437530871132],[-70.734721722,-33.4365356381319],[-70.734721333,-33.436491723132],[-70.7347213199999,-33.436490398132],[-70.73472121,-33.4364779641319],[-70.734721174,-33.4364739121319],[-70.734720609,-33.4364104361319],[-70.7347206009999,-33.4364094921319],[-70.734720489,-33.436396895132],[-70.7347203159999,-33.4363968961319],[-70.734718571,-33.436396920132],[-70.734714789,-33.4363969731319],[-70.734691926,-33.436397294132],[-70.73469046,-33.436397315132],[-70.73469033,-33.4363973171319],[-70.7346890379999,-33.436397336132],[-70.734688078,-33.4363973481319],[-70.734681644,-33.4363974381319],[-70.734678821,-33.436397477132],[-70.734625008,-33.436407324132],[-70.734601697,-33.436411590132],[-70.734599779,-33.436411941132],[-70.734598777,-33.436412124132],[-70.734592595,-33.436411895132],[-70.7345325169999,-33.436409667132],[-70.7344424199999,-33.436406327132],[-70.7343964459999,-33.436404623132],[-70.734219643,-33.436398067132],[-70.73406898,-33.436392481132],[-70.7340268419999,-33.436390475132],[-70.7339918819999,-33.436388810132],[-70.7339918499999,-33.436388809132],[-70.7339633509999,-33.436387450132],[-70.7339226239999,-33.436385510132],[-70.733854935,-33.436383662132],[-70.733839313,-33.436383236132],[-70.7337168129999,-33.436379893132],[-70.733568808,-33.4363758531319],[-70.733366237,-33.436370325132],[-70.733366205,-33.4363703231319],[-70.733344185,-33.436369722132],[-70.733267159,-33.4363676201319],[-70.733163023,-33.436364034132],[-70.732730761,-33.4363491441319],[-70.73273073,-33.436349142132],[-70.7327084619999,-33.436348374132],[-70.7326625969999,-33.436346112132],[-70.732590096,-33.4363425331319],[-70.7324595859999,-33.436336092132],[-70.7323968169999,-33.4363329931319],[-70.7323938059999,-33.436332845132],[-70.7322262719999,-33.436324577132],[-70.7322001649999,-33.436323290132],[-70.732138832,-33.436320262132],[-70.7321270749999,-33.436319942132],[-70.732103103,-33.436319284132],[-70.731929537,-33.4363145301319],[-70.731492951,-33.436302570132],[-70.7314916,-33.4363025331319],[-70.731484708,-33.4363023451319],[-70.731484677,-33.436302344132],[-70.731461447,-33.4363016081319],[-70.731447955,-33.436301180132],[-70.730988483,-33.436286633132],[-70.730891744,-33.4362835701319],[-70.7308917129999,-33.436283568132],[-70.730890882,-33.436283537132],[-70.7307976609999,-33.436280135132],[-70.7307523649999,-33.436278482132],[-70.730668984,-33.436275439132],[-70.730355558,-33.436263999132],[-70.73032247,-33.436261963132],[-70.7302396169999,-33.4362568661319],[-70.730236088,-33.436256649132],[-70.730218887,-33.436258198132],[-70.730218856,-33.4362581991319],[-70.730104378,-33.436268510132],[-70.7295833219999,-33.436315435132],[-70.729541044,-33.436319241132],[-70.7295301089999,-33.436320226132],[-70.729525098,-33.436320677132],[-70.729519087,-33.436321245132],[-70.7295172519999,-33.436321419132]]]},"properties":{"NUM_UV":"6","NOM_UV":"6"}},{"type":"Feature","geometry":{"type":"Polygon","coordinates":[[[-70.723683368,-33.4402690361319],[-70.723127943,-33.4403814251319],[-70.723045753,-33.4403980561319],[-70.723031627,-33.4404018741319],[-70.7229698359999,-33.440418575132],[-70.722953586,-33.4404229671319],[-70.7229482399999,-33.4404244121319],[-70.722965625,-33.4405583581319],[-70.722972295,-33.4406097491319],[-70.722979508,-33.4406653211319],[-70.7229956479999,-33.4407896751319],[-70.723028687,-33.4410442241319],[-70.7230287049999,-33.4410443461319],[-70.7230569719999,-33.4412621211319],[-70.723079104,-33.4414326231319],[-70.723084591,-33.4414321361319],[-70.723084819,-33.4414321161319],[-70.72309895,-33.4414308621319],[-70.723096593,-33.4415161521319],[-70.7230953,-33.4415629471319],[-70.7232025439999,-33.4425581731319],[-70.7232442069999,-33.4430169131319],[-70.723240652,-33.4430882831319],[-70.723225971,-33.4433830551319],[-70.723223046,-33.4434416586319],[-70.7232223079999,-33.4434505161319],[-70.7232207279999,-33.4434695981319],[-70.723220329,-33.4434744261319],[-70.723213003,-33.4435629781319],[-70.723209907,-33.4436003971319],[-70.7231996529999,-33.4437243211319],[-70.723184604,-33.4439061971319],[-70.723172446,-33.4440531521319],[-70.7231705899999,-33.4440755761319],[-70.7231701119999,-33.4440813551319],[-70.723168508,-33.4441007441319],[-70.723168341,-33.4441016531319],[-70.7231672729999,-33.4441074831319],[-70.723148131,-33.4442119181318],[-70.7231478739999,-33.4442133191319],[-70.7231477,-33.4442142711319],[-70.723147435,-33.4442157161319],[-70.7231471489999,-33.4442172731319],[-70.72314711,-33.4442174891319],[-70.7232464149999,-33.4442270711318],[-70.7232588479999,-33.4442282181319],[-70.723460609,-33.4442468371319],[-70.723507496,-33.4442511631319],[-70.7246771499999,-33.4443590921319],[-70.72468478,-33.4443597971319],[-70.7247206219999,-33.4443631251318],[-70.7248798059999,-33.4443779031318],[-70.725355205,-33.4444220371319],[-70.725372565,-33.4444222841319],[-70.7254387369999,-33.4444232241319],[-70.725502987,-33.4444241371318],[-70.725547306,-33.4444247671319],[-70.725659504,-33.4444263601318],[-70.725796459,-33.4444283061318],[-70.725863879,-33.4444292631319],[-70.725895479,-33.4444297131318],[-70.7259047859999,-33.4444298451318],[-70.725918059,-33.4444300341319],[-70.725924839,-33.4444301301318],[-70.725959097,-33.4444306161319],[-70.725968198,-33.4444307461319],[-70.725996445,-33.4444311471319],[-70.7264328699999,-33.4444821341318],[-70.726717428,-33.4445153781318],[-70.726732119,-33.4445142371318],[-70.7269522129999,-33.4444971451318],[-70.727344525,-33.4444666801318],[-70.72741237,-33.4444678001319],[-70.7274333239999,-33.4444681471318],[-70.727435332,-33.4444681801318],[-70.72745901,-33.4444685711319],[-70.7275101819999,-33.4444694161318],[-70.727557595,-33.4444701991319],[-70.7275789569999,-33.4444705521319],[-70.727605946,-33.4444709981319],[-70.7276343409999,-33.4444714671319],[-70.7276398609999,-33.4444715581319],[-70.727684075,-33.4444722881319],[-70.727714345,-33.4444727881319],[-70.7277584239999,-33.4444735161319],[-70.727869315,-33.4444753481319],[-70.727930024,-33.4444763511319],[-70.7280257319999,-33.4444779311319],[-70.728027196,-33.4444779551318],[-70.728027227,-33.4444779561318],[-70.7280390999999,-33.4444781521319],[-70.7280504569999,-33.4444783391318],[-70.7280585089999,-33.4444784721318],[-70.7280853839999,-33.4444789161319],[-70.7280983909999,-33.4444791311319],[-70.728580403,-33.4444986401318],[-70.7294461119999,-33.4445191451318],[-70.729611859,-33.4445219481319],[-70.730465682,-33.4445363851319],[-70.730546381,-33.4445367391318],[-70.730666694,-33.4445372691318],[-70.73076718,-33.4445377121318],[-70.730771713,-33.4445377321318],[-70.7309063449999,-33.4445383251318],[-70.7309377729999,-33.4445403711318],[-70.730974739,-33.4445427791319],[-70.7309959409999,-33.4445440271318],[-70.73099876,-33.4445441931318],[-70.731001507,-33.4445443531319],[-70.7310344959999,-33.4445463201319],[-70.7310345229999,-33.4445462931319],[-70.731110814,-33.4445460701318],[-70.731167663,-33.4445459031318],[-70.731327107,-33.4445454371319],[-70.7313378169999,-33.4445454061319],[-70.731355661,-33.4445453541318],[-70.731358945,-33.4445453441318],[-70.7314005059999,-33.4445452221319],[-70.731405019,-33.4445452091318],[-70.731460881,-33.4445450461319],[-70.731473587,-33.4445450091319],[-70.7314804329999,-33.4445449891318],[-70.731498857,-33.4445449351318],[-70.731500427,-33.4445449301319],[-70.731740949,-33.4445442271319],[-70.731774201,-33.4445441301318],[-70.731804188,-33.4445440421319],[-70.732418626,-33.4445531981319],[-70.732494899,-33.4445543321318],[-70.733107509,-33.4445617061318],[-70.733130112,-33.4445619711319],[-70.733653604,-33.4445725301318],[-70.7337340619999,-33.4445741521319],[-70.733780299,-33.4445747391319],[-70.734450231,-33.4445832451319],[-70.7344535939999,-33.4445832881319],[-70.7344540559999,-33.4445470451319],[-70.734458343,-33.4442108031319],[-70.73447113,-33.4432077081319],[-70.734469625,-33.4431771261319],[-70.734468933,-33.4431630541319],[-70.7344699779999,-33.4431515591318],[-70.734471926,-33.4431301361319],[-70.7344723369999,-33.4430701311319],[-70.734472345,-33.4430689571319],[-70.734474018,-33.4428250491319],[-70.7344758789999,-33.4425538221319],[-70.73447616,-33.4425128521319],[-70.73447637,-33.4424822821319],[-70.734476538,-33.4424577261319],[-70.734478144,-33.4422236361319],[-70.734478634,-33.4421522561319],[-70.7344813019999,-33.4417632811319],[-70.7344816849999,-33.4417073921319],[-70.734481707,-33.4417043031319],[-70.7345064099999,-33.4417046821319],[-70.7345869229999,-33.4417059191319],[-70.734589767,-33.4417059631319],[-70.734601375,-33.4417061411319],[-70.734646255,-33.4417064501319],[-70.7346565619999,-33.4417065211319],[-70.734683925,-33.4417067091319],[-70.734691313,-33.4417067601319],[-70.7347020399999,-33.4417068341318],[-70.73473,-33.4417070271319],[-70.734750253,-33.4417071661319],[-70.7347503569999,-33.4417071671319],[-70.73475289,-33.4413158491319],[-70.734752521,-33.4408179691319],[-70.734752805,-33.4407828531319],[-70.7347560859999,-33.4403769891319],[-70.7347560119999,-33.4403680811319],[-70.7347544949999,-33.4401841591319],[-70.734749875,-33.4396285711319],[-70.73472,-33.4396275781319],[-70.734492018,-33.4396200001319],[-70.734177098,-33.4396095321319],[-70.73402298,-33.4396991121319],[-70.7334529039999,-33.4400304661319],[-70.7331755449999,-33.4401916781319],[-70.733114585,-33.4402195851319],[-70.733109014,-33.4402144761319],[-70.733046792,-33.4401574061319],[-70.732675007,-33.4398018781319],[-70.7326127699999,-33.4397486391319],[-70.732514554,-33.4396778671319],[-70.732325045,-33.4395632791319],[-70.732265183,-33.4395280431319],[-70.732151043,-33.4394935591319],[-70.731702874,-33.4393581541319],[-70.7316375359999,-33.4393384131319],[-70.731506727,-33.4393318891319],[-70.731366142,-33.4393248771319],[-70.730931276,-33.4393031851319],[-70.7301037249999,-33.4392876811319],[-70.7294591639999,-33.4392786381319],[-70.728886594,-33.4392992481319],[-70.7285223979999,-33.4393123561319],[-70.727924335,-33.4394193031319],[-70.7277534789999,-33.4394498551319],[-70.7271302,-33.4395807961319],[-70.726513531,-33.4397103361319],[-70.725805964,-33.4398503131319],[-70.725501139,-33.4399077481319],[-70.7251037519999,-33.4399826221319],[-70.7243893099999,-33.4401290911319],[-70.724003215,-33.4402056311319],[-70.723683368,-33.4402690361319]]]},"properties":{"NUM_UV":"7","NOM_UV":"7"}},{"type":"Feature","geometry":{"type":"Polygon","coordinates":[[[-70.7270962293333,-33.4480913381318],[-70.727357946,-33.4490114191318],[-70.727559387,-33.4489725391318],[-70.7277608269999,-33.4489336601318],[-70.727809413,-33.4489235301318],[-70.727969403,-33.4488901711318],[-70.727968645,-33.4488875711318],[-70.7284311559999,-33.4487915441318],[-70.728595555,-33.4487574111318],[-70.7287154169999,-33.4487309711318],[-70.728715473,-33.4487318721318],[-70.728720101,-33.4488063341318],[-70.728740221,-33.4491300741318],[-70.7287405229999,-33.4491349331318],[-70.728758215,-33.4491512191318],[-70.728790047,-33.4491627991318],[-70.7288339369999,-33.4491628331318],[-70.7294025739999,-33.4491632741318],[-70.729645007,-33.4491625991318],[-70.730895185,-33.4491591181318],[-70.731013063,-33.4491587891318],[-70.731016758,-33.4491587791318],[-70.731016817,-33.4491587791318],[-70.731016578,-33.4491386431318],[-70.731016075,-33.4490963561318],[-70.731015327,-33.4490334551318],[-70.731015326,-33.4490333091318],[-70.731015317,-33.4490325461318],[-70.7310118249999,-33.4487214711318],[-70.7310107599999,-33.4486007431318],[-70.731010751,-33.4485997421318],[-70.731010709,-33.4485792191318],[-70.731009999,-33.4482341631318],[-70.73100988,-33.4481760971318],[-70.731009587,-33.4480350341318],[-70.7310095879999,-33.4480350031318],[-70.731003643,-33.4475825591318],[-70.731002835,-33.4474816191318],[-70.731001288,-33.4472883341318],[-70.731000243,-33.4471578741318],[-70.7310002359999,-33.4471569921318],[-70.7309999999999,-33.4471345271318],[-70.730999759,-33.4471113391318],[-70.730999745,-33.4471100591318],[-70.730999243,-33.4470618921318],[-70.730995016,-33.4466559031318],[-70.730994741,-33.4466295211318],[-70.73099144,-33.4462148591318],[-70.730991332,-33.4462013521318],[-70.730991331,-33.4462011981319],[-70.7309913289999,-33.4462010081318],[-70.7309902919999,-33.4460932091318],[-70.730990114,-33.4460748341318],[-70.730990001,-33.4460628801318],[-70.730985845,-33.4456309001318],[-70.7309858359999,-33.4456300281319],[-70.730983334,-33.4453700171318],[-70.730982136,-33.4452454081318],[-70.730981523,-33.4451817641319],[-70.7309815209999,-33.4451815521318],[-70.730976082,-33.4446544891318],[-70.7309759079999,-33.4446372911319],[-70.7309757789999,-33.4446254791319],[-70.730975633,-33.4446115301319],[-70.730975589,-33.4446073861319],[-70.730975587,-33.4446071961319],[-70.730975571,-33.4446056571318],[-70.730975569,-33.4446054671319],[-70.730975197,-33.4445773601319],[-70.7309750639999,-33.4445673591318],[-70.7309749739999,-33.4445605681319],[-70.7309749309999,-33.4445573311318],[-70.730974739,-33.4445428331318],[-70.730974739,-33.4445427791319],[-70.7309377729999,-33.4445403711318],[-70.7309063449999,-33.4445383251318],[-70.730771713,-33.4445377321318],[-70.73076718,-33.4445377121318],[-70.730666694,-33.4445372691318],[-70.730546381,-33.4445367391318],[-70.730465682,-33.4445363851319],[-70.729611859,-33.4445219481319],[-70.7294461119999,-33.4445191451318],[-70.728580403,-33.4444986401318],[-70.7280983909999,-33.4444791311319],[-70.7280853839999,-33.4444789161319],[-70.7280585089999,-33.4444784721318],[-70.7280504569999,-33.4444783391318],[-70.7280390999999,-33.4444781521319],[-70.728027227,-33.4444779561318],[-70.728027196,-33.4444779551318],[-70.7280257319999,-33.4444779311319],[-70.727930024,-33.4444763511319],[-70.727869315,-33.4444753481319],[-70.7277584239999,-33.4444735161319],[-70.727714345,-33.4444727881319],[-70.727684075,-33.4444722881319],[-70.7276398609999,-33.4444715581319],[-70.7276343409999,-33.4444714671319],[-70.727605946,-33.4444709981319],[-70.7275789569999,-33.4444705521319],[-70.727557595,-33.4444701991319],[-70.7275101819999,-33.4444694161318],[-70.72745901,-33.4444685711319],[-70.727435332,-33.4444681801318],[-70.7274333239999,-33.4444681471318],[-70.72741237,-33.4444678001319],[-70.727344525,-33.4444666801318],[-70.7269522129999,-33.4444971451318],[-70.726732119,-33.4445142371318],[-70.726717428,-33.4445153781318],[-70.7267174099999,-33.4445156661319],[-70.726715708,-33.4445431701319],[-70.7267110779999,-33.4446179701319],[-70.7267090289999,-33.4446510711318],[-70.726701253,-33.4447766971319],[-70.7266982789999,-33.4448247491318],[-70.726695765,-33.4448653561319],[-70.7266926459999,-33.4449157271318],[-70.726692483,-33.4449183541319],[-70.726638696,-33.4458110451318],[-70.7266380409999,-33.4458219281319],[-70.7266336449999,-33.4458948681318],[-70.7266007229999,-33.4463879261318],[-70.726605068,-33.4464042481318],[-70.726622409,-33.4464693861318],[-70.726719491,-33.4468340561318],[-70.726779257,-33.4470319871318],[-70.727047688,-33.4479209701318],[-70.727048028,-33.4479216721318],[-70.7270479709999,-33.4479216841318],[-70.7270962293333,-33.4480913381318]]]},"properties":{"NUM_UV":"8","NOM_UV":"8"}},{"type":"Feature","geometry":{"type":"Polygon","coordinates":[[[-70.723146304,-33.4442261981319],[-70.723142932,-33.4442665111319],[-70.723140169,-33.4442995371319],[-70.7231384139999,-33.4443207681319],[-70.723133678,-33.4443781011319],[-70.7231252509999,-33.4444801071318],[-70.723111891,-33.4445524371318],[-70.723102985,-33.4445740881319],[-70.723087418,-33.4446119351318],[-70.7230785949999,-33.4446333841319],[-70.723075934,-33.4446398521318],[-70.723057129,-33.4446855691318],[-70.723054729,-33.4446914041318],[-70.723041006,-33.4447247671319],[-70.723032245,-33.4447406411318],[-70.723027878,-33.4447485541318],[-70.72301132,-33.4447785571318],[-70.722997559,-33.4448034911319],[-70.722985836,-33.4448247331318],[-70.7229578709999,-33.4448943941318],[-70.722952356,-33.4449081321319],[-70.722949587,-33.4449150291318],[-70.7229457889999,-33.4449244891318],[-70.7229262979999,-33.4449758291319],[-70.722905796,-33.4450298351318],[-70.722905778,-33.4450298831318],[-70.7228647439999,-33.4451379721318],[-70.72282533,-33.4452417971319],[-70.722814063,-33.4453709381318],[-70.722788282,-33.4456664171319],[-70.722787463,-33.4456788031318],[-70.7227321679999,-33.4465146461318],[-70.7227321189999,-33.4465155491318],[-70.722706541,-33.4469656691318],[-70.7226981379999,-33.4471135321318],[-70.722604453,-33.4484372801318],[-70.722604385,-33.4484381351318],[-70.722569697,-33.4488734911318],[-70.722569694,-33.4488735311318],[-70.722569689,-33.4488736031318],[-70.722539059,-33.4492767091318],[-70.722507835,-33.4496888911318],[-70.7224403719999,-33.4507481971318],[-70.722384807,-33.4515572431318],[-70.722371875,-33.4517455291318],[-70.7223713619999,-33.4517529971318],[-70.72253165,-33.4517578201318],[-70.7228699029999,-33.4517679971318],[-70.722942609,-33.4517701841317],[-70.722992571,-33.4517721351317],[-70.723401996,-33.4517881181318],[-70.7234365849999,-33.4517894691317],[-70.723564929,-33.4517625611317],[-70.7238972709999,-33.4516928821318],[-70.7251142919999,-33.4514374411317],[-70.725330088,-33.4513749931317],[-70.726397218,-33.4510661761318],[-70.726397269,-33.4510661621318],[-70.7263973,-33.4510661531317],[-70.726990476,-33.4508923051318],[-70.727478449,-33.4507526201318],[-70.727666772,-33.4506987101318],[-70.728050168,-33.4505889581318],[-70.728050406,-33.4505888461318],[-70.7280808309999,-33.4505745491318],[-70.7280898349999,-33.4505703191318],[-70.728077005,-33.4504941231317],[-70.72796676,-33.4499629901318],[-70.727932116,-33.4497960841318],[-70.727931336,-33.4497923321318],[-70.727867996,-33.4494881271318],[-70.7278509189999,-33.4494061111318],[-70.727778224,-33.4490569711318],[-70.7277782099999,-33.4490569041318],[-70.7277633369999,-33.4489854721318],[-70.727763323,-33.4489851791318],[-70.72776146,-33.4489467131318],[-70.7277611229999,-33.4489397751318],[-70.7277608699999,-33.4489345441318],[-70.7277608269999,-33.4489336601318],[-70.727559387,-33.4489725391318],[-70.727357946,-33.4490114191318],[-70.727096228,-33.4480913336318],[-70.7270479709999,-33.4479216841318],[-70.727048028,-33.4479216721318],[-70.727047688,-33.4479209701318],[-70.726779257,-33.4470319871318],[-70.726719491,-33.4468340561318],[-70.726622409,-33.4464693861318],[-70.726605068,-33.4464042481318],[-70.7266007229999,-33.4463879261318],[-70.7266336449999,-33.4458948681318],[-70.7266380409999,-33.4458219281319],[-70.726638696,-33.4458110451318],[-70.726692483,-33.4449183541319],[-70.7266926459999,-33.4449157271318],[-70.726695765,-33.4448653561319],[-70.7266982789999,-33.4448247491318],[-70.726701253,-33.4447766971319],[-70.7267090289999,-33.4446510711318],[-70.7267110779999,-33.4446179701319],[-70.726715708,-33.4445431701319],[-70.7267174099999,-33.4445156661319],[-70.726717428,-33.4445153781318],[-70.7264328699999,-33.4444821341318],[-70.725996445,-33.4444311471319],[-70.725968198,-33.4444307461319],[-70.725959097,-33.4444306161319],[-70.725924839,-33.4444301301318],[-70.725918059,-33.4444300341319],[-70.7259047859999,-33.4444298451318],[-70.725895479,-33.4444297131318],[-70.725863879,-33.4444292631319],[-70.725796459,-33.4444283061318],[-70.725659504,-33.4444263601318],[-70.725547306,-33.4444247671319],[-70.725502987,-33.4444241371318],[-70.7254387369999,-33.4444232241319],[-70.725372565,-33.4444222841319],[-70.725355205,-33.4444220371319],[-70.7248798059999,-33.4443779031318],[-70.7247206219999,-33.4443631251318],[-70.72468478,-33.4443597971319],[-70.7246771499999,-33.4443590921319],[-70.723507496,-33.4442511631319],[-70.723460609,-33.4442468371319],[-70.7232588479999,-33.4442282181319],[-70.7232464149999,-33.4442270711318],[-70.723246385,-33.4442271111319],[-70.723152625,-33.4442187821318],[-70.7231522929999,-33.4442187531319],[-70.7231506429999,-33.4442186061319],[-70.723149801,-33.4442185311319],[-70.723149507,-33.4442185051318],[-70.723147845,-33.4442183571318],[-70.723147178,-33.4442182981318],[-70.7231469659999,-33.4442182791319],[-70.7231468539999,-33.4442196191319],[-70.723146758,-33.4442207631319],[-70.723146754,-33.4442208191318],[-70.723146726,-33.4442211461318],[-70.723146646,-33.4442221091318],[-70.7231464549999,-33.4442243941318],[-70.723146304,-33.4442261981319]]]},"properties":{"NUM_UV":"9","NOM_UV":"9"}},{"type":"Feature","geometry":{"type":"Polygon","coordinates":[[[-70.7251142919999,-33.4514374411317],[-70.7238972709999,-33.4516928821318],[-70.723564929,-33.4517625611317],[-70.7234365849999,-33.4517894691317],[-70.723401996,-33.4517881181318],[-70.722992571,-33.4517721351317],[-70.722942609,-33.4517701841317],[-70.7228699029999,-33.4517679971318],[-70.72253165,-33.4517578201318],[-70.7223713619999,-33.4517529971318],[-70.722370822,-33.4517591831318],[-70.722330185,-33.4522245211317],[-70.722302723,-33.4526619491317],[-70.722230709,-33.4534745801317],[-70.72219208,-33.4539270091317],[-70.7220776619999,-33.4544099841318],[-70.722073482,-33.4544276261317],[-70.7220272019999,-33.4545985571317],[-70.722010011,-33.4546620491317],[-70.721880947,-33.4551387301317],[-70.7217871399999,-33.4553242981317],[-70.721626435,-33.4556422051317],[-70.72161914,-33.4556566361317],[-70.7206605919999,-33.4559751871317],[-70.720446135,-33.4560605651317],[-70.719922447,-33.4562690491317],[-70.719281129,-33.4564188911317],[-70.719281076,-33.4564189011317],[-70.718859907,-33.4565005991317],[-70.718618206,-33.4565474841317],[-70.717860636,-33.4566856981317],[-70.7158774179999,-33.4570475001317],[-70.71541561,-33.4571428801317],[-70.714909496,-33.4572506361317],[-70.7142111479999,-33.4573993211317],[-70.713748742,-33.4574956201317],[-70.713732401,-33.4574990231317],[-70.7137194869999,-33.4575017131316],[-70.7136365109999,-33.4575189921317],[-70.713616053,-33.4575232531317],[-70.713551224,-33.4575621931317],[-70.713544672,-33.4575667391317],[-70.7134890899999,-33.4576053061317],[-70.713444027,-33.4576411811317],[-70.713429924,-33.4576524081316],[-70.713373979,-33.4577032951317],[-70.7133362989999,-33.4577419331317],[-70.71332047,-33.4577592951317],[-70.713319868,-33.4577599561317],[-70.713308346,-33.4577725921317],[-70.713299938,-33.4577818141317],[-70.713299908,-33.4577818491317],[-70.713241699,-33.4577611911317],[-70.71321225,-33.4577528221317],[-70.713201219,-33.4577496871317],[-70.713181806,-33.4577455021317],[-70.713140031,-33.4577364961317],[-70.713076703,-33.4577274621317],[-70.712979151,-33.4577233771317],[-70.712968211,-33.4577232911317],[-70.71296274,-33.4577232881317],[-70.71294633,-33.4577234391317],[-70.712946186,-33.4577234391317],[-70.712876266,-33.4577267821316],[-70.712673961,-33.4577440771317],[-70.712611379,-33.4577447821317],[-70.71229847,-33.4577688051316],[-70.712165286,-33.4577764181317],[-70.712152784,-33.4577771331317],[-70.712006891,-33.4577806811317],[-70.711860959,-33.4577794461317],[-70.7117151469999,-33.4577734301317],[-70.71156961,-33.4577626381317],[-70.711428326,-33.4577525581317],[-70.711287563,-33.4577367641317],[-70.7111475569999,-33.4577152831317],[-70.711065633,-33.4576992941317],[-70.7110086599999,-33.4576878481317],[-70.7104035899999,-33.4575662741317],[-70.70991242,-33.4574684601317],[-70.7092063709999,-33.4573208391317],[-70.708735713,-33.4572104461317],[-70.7086793669999,-33.4571972301317],[-70.7086347059999,-33.4571879211317],[-70.7081112,-33.4570788071317],[-70.707795658,-33.4569620361317],[-70.707648419,-33.4569075471317],[-70.707580934,-33.4568825731317],[-70.707460108,-33.4568378591317],[-70.705848967,-33.4561318711317],[-70.705771638,-33.4560979861317],[-70.7057531629999,-33.4560946641317],[-70.705689605,-33.4560832381317],[-70.70569083,-33.4560681441317],[-70.7056893929999,-33.4560854981317],[-70.705689319,-33.4560863571317],[-70.705688389,-33.4560981961317],[-70.705687391,-33.4561108971317],[-70.7056864369999,-33.4561230481317],[-70.705682359,-33.4561749561317],[-70.705675013,-33.4562684691317],[-70.705668668,-33.4563492451317],[-70.7056684189999,-33.4563524211317],[-70.70566815,-33.4563558621317],[-70.7056653189999,-33.4563918931317],[-70.705663385,-33.4564165081317],[-70.705662788,-33.4564240891317],[-70.7056615779999,-33.4564395091317],[-70.7056609489999,-33.4564475331317],[-70.7056586259999,-33.4564770931317],[-70.705656881,-33.4564993021317],[-70.7056561809999,-33.4565077231317],[-70.7056546159999,-33.4565265631317],[-70.705639735,-33.4567017881317],[-70.705635867,-33.4567453531317],[-70.705631685,-33.4567924661317],[-70.705630661,-33.4568040011317],[-70.7056280049999,-33.4568339161317],[-70.705625814,-33.4568585931317],[-70.705625673,-33.4568601831317],[-70.7056210759999,-33.4569119681317],[-70.705616992,-33.4569887611317],[-70.705616654,-33.4569951221317],[-70.70561345,-33.4570554011317],[-70.7056125139999,-33.4570729911317],[-70.705609141,-33.4571364201317],[-70.7056086599999,-33.4571454591317],[-70.7056078699999,-33.4571603291317],[-70.705607686,-33.4571637841317],[-70.705620398,-33.4571669361317],[-70.705673835,-33.4571801851317],[-70.70575522,-33.4572003621317],[-70.705797221,-33.4572107751317],[-70.7058175459999,-33.4572140331317],[-70.705836454,-33.4572170641317],[-70.7058803579999,-33.4572241011317],[-70.70589196,-33.4572259611317],[-70.705901382,-33.4572274711317],[-70.705932791,-33.4572325051317],[-70.705971764,-33.4572387521317],[-70.706013206,-33.4572453951317],[-70.706079758,-33.4572560621317],[-70.706116277,-33.4572619161317],[-70.7061489829999,-33.4572671581317],[-70.706149507,-33.4572672421317],[-70.7061500309999,-33.4572673261317],[-70.7061827489999,-33.4572725711317],[-70.7061926229999,-33.4572741541317],[-70.7062055499999,-33.4572762261317],[-70.706211727,-33.4572772151317],[-70.706224001,-33.4572822881317],[-70.706226656,-33.4572833851317],[-70.706244783,-33.4572908761317],[-70.70625599,-33.4572955081317],[-70.7062671959999,-33.4573001391317],[-70.7063361959999,-33.4573286561317],[-70.706397607,-33.4573540361317],[-70.706422898,-33.4573644891317],[-70.7064346829999,-33.4573675161317],[-70.70657869,-33.4574045081317],[-70.7065790839999,-33.4574046091317],[-70.7065956129999,-33.4574088551317],[-70.7066005299999,-33.4574101181317],[-70.7066389999999,-33.4574200001317],[-70.706639458,-33.4574201181317],[-70.706644259,-33.4574213511317],[-70.706654321,-33.4574239361317],[-70.706806092,-33.4574629221317],[-70.706866895,-33.4574761611317],[-70.706944274,-33.4574930091317],[-70.706957217,-33.4574958271317],[-70.70697016,-33.4574986451317],[-70.706998378,-33.4575047891317],[-70.707001711,-33.4575055151317],[-70.707004091,-33.4575060331317],[-70.707004141,-33.4575060441317],[-70.707004985,-33.4575062281317],[-70.707005189,-33.4575062721317],[-70.7070667369999,-33.4575196731317],[-70.7072235209999,-33.4575538101317],[-70.7072252789999,-33.4575541931317],[-70.707227038,-33.4575545761317],[-70.707297308,-33.4575698771317],[-70.707415848,-33.4575956881317],[-70.707429871,-33.4575987411317],[-70.707475799,-33.4576087411317],[-70.7076046449999,-33.4576367941317],[-70.707678571,-33.4576546441317],[-70.707703196,-33.4576605901317],[-70.707751361,-33.4576722201317],[-70.707777102,-33.4576784351317],[-70.707927572,-33.4577147671317],[-70.707994126,-33.4577308371317],[-70.7080343389999,-33.4577405471317],[-70.708093477,-33.4577548261317],[-70.708121865,-33.4577616811317],[-70.7082124679999,-33.4577835581317],[-70.708308124,-33.4578066551317],[-70.7086176839999,-33.4578814001317],[-70.708629045,-33.4578841441317],[-70.708682271,-33.4578969961317],[-70.7087251419999,-33.4579055961317],[-70.708775553,-33.4579157091317],[-70.708830569,-33.4579267461317],[-70.7089522159999,-33.4579511501317],[-70.708955681,-33.4579518451317],[-70.7089562309999,-33.4579520541317],[-70.708962705,-33.4579544991317],[-70.708966974,-33.4579561111317],[-70.7089671969999,-33.4579561951317],[-70.709027073,-33.4579703671317],[-70.7090291599999,-33.4579708611317],[-70.709105627,-33.4579889601317],[-70.709235194,-33.4580196281317],[-70.7092366159999,-33.4580199651317],[-70.709328004,-33.4580415941317],[-70.709431842,-33.4580661711317],[-70.709481007,-33.4580778081317],[-70.7094889319999,-33.4580796841317],[-70.709579262,-33.4581010631317],[-70.709580721,-33.4581014101317],[-70.709678558,-33.4581246801317],[-70.709723212,-33.4581353011317],[-70.7098023629999,-33.4581541261317],[-70.709804519,-33.4581546391317],[-70.709805493,-33.4581548701317],[-70.709806441,-33.4581550951317],[-70.709868738,-33.4581699111317],[-70.7099135399999,-33.4581805671317],[-70.7099555629999,-33.4581905621317],[-70.709957597,-33.4581909671317],[-70.7100029489999,-33.4582000071317],[-70.710006817,-33.4582007781317],[-70.7100142159999,-33.4582022531317],[-70.710039131,-33.4582072191317],[-70.7100923949999,-33.4582178361317],[-70.710094344,-33.4582182241317],[-70.710141236,-33.4582275711317],[-70.710179135,-33.4582351251317],[-70.7102188389999,-33.4582430391317],[-70.710225049,-33.4582442771317],[-70.7102589409999,-33.4582510321317],[-70.710284485,-33.4582561231317],[-70.710350241,-33.4582692301317],[-70.710360709,-33.4582710761317],[-70.7103978659999,-33.4582775531317],[-70.710416455,-33.4582807421316],[-70.710427317,-33.4582825921317],[-70.710428454,-33.4582827851317],[-70.7104583459999,-33.4582878071317],[-70.710458386,-33.4582878141316],[-70.7104591409999,-33.4582879401317],[-70.7104635699999,-33.4582886791317],[-70.7104986699999,-33.4582944501317],[-70.710498706,-33.4582944561317],[-70.710540602,-33.4583011941316],[-70.7105449809999,-33.4583018911317],[-70.710560414,-33.4583043241317],[-70.710595667,-33.4583097961317],[-70.71060705,-33.4583115341317],[-70.710613302,-33.4583124881317],[-70.7106265319999,-33.4583144871316],[-70.7106397649999,-33.4583164771317],[-70.71065679,-33.4583194891317],[-70.710657111,-33.4583195461317],[-70.710673296,-33.4583223771316],[-70.710674494,-33.4583225861317],[-70.7106879089999,-33.4583249091317],[-70.710687975,-33.4583249191316],[-70.7106880329999,-33.4583249301317],[-70.710688106,-33.4583249421317],[-70.7106900859999,-33.4583252811317],[-70.710701462,-33.4583272271317],[-70.710705683,-33.4583279481317],[-70.7107092809999,-33.4583285561316],[-70.710726687,-33.4583314681317],[-70.7107396919999,-33.4583336441317],[-70.7107527059999,-33.4583357761317],[-70.710768467,-33.4583383481317],[-70.710769047,-33.4583384421317],[-70.710775449,-33.4583394741317],[-70.710784232,-33.4583408901317],[-70.710785394,-33.4583410751317],[-70.7107887559999,-33.4583416111317],[-70.710800004,-33.4583434031317],[-70.710828986,-33.4583479421317],[-70.7108297999999,-33.4583480681317],[-70.710830335,-33.4583481511317],[-70.710858515,-33.4583524641317],[-70.710858738,-33.4583524981317],[-70.71086325,-33.4583531781317],[-70.7108671989999,-33.4583537741317],[-70.7108710429999,-33.4583543541317],[-70.710883575,-33.4583562241316],[-70.710884332,-33.4583563421317],[-70.7108843999999,-33.4583563521317],[-70.7109056429999,-33.4583594751317],[-70.710912519,-33.4583604701317],[-70.710920761,-33.4583616631316],[-70.7109257829999,-33.4583623881317],[-70.710969458,-33.4583685451317],[-70.711005018,-33.4583733881317],[-70.711011548,-33.4583742631317],[-70.7110262149999,-33.4583762081317],[-70.71102861,-33.4583765211317],[-70.711040886,-33.4583781271317],[-70.711069977,-33.4583818551317],[-70.7110750319999,-33.4583824881317],[-70.711082545,-33.4583834271317],[-70.711092112,-33.4583846221317],[-70.711096642,-33.4583851871317],[-70.7111277929999,-33.4583889761317],[-70.711143372,-33.4583908271317],[-70.711143931,-33.4583908921317],[-70.7111725239999,-33.4583942141317],[-70.71122902,-33.4584004941317],[-70.711237352,-33.4584013921317],[-70.7112483179999,-33.4584025541317],[-70.711249416,-33.4584026701316],[-70.7112521079999,-33.4584029551316],[-70.711255544,-33.4584033181317],[-70.7112901249999,-33.4584068741317],[-70.711296392,-33.4584075001317],[-70.711297579,-33.4584076191317],[-70.7112978219999,-33.4584076431317],[-70.711302057,-33.4584080661316],[-70.7113080239999,-33.4584086571316],[-70.711309359,-33.4584087891317],[-70.7113111579999,-33.4584089661317],[-70.7113139909999,-33.4584092441317],[-70.711325927,-33.4584104081317],[-70.711338142,-33.4584115821316],[-70.711339005,-33.4584116651317],[-70.711356446,-33.4584133071317],[-70.7113662209999,-33.4584142111317],[-70.711371506,-33.4584146961317],[-70.711405558,-33.4584177391317],[-70.7114355959999,-33.4584203101317],[-70.711443172,-33.4584209441317],[-70.711452153,-33.4584216861316],[-70.711462341,-33.4584225161317],[-70.711496086,-33.4584251761317],[-70.711532402,-33.4584279061316],[-70.711548496,-33.4584290691317],[-70.711553518,-33.4584294161316],[-70.7115599159999,-33.4584298581317],[-70.711584955,-33.4584315871316],[-70.711587256,-33.4584317381317],[-70.711600929,-33.4584326321317],[-70.71160707,-33.4584330231317],[-70.711612584,-33.4584333741317],[-70.711618412,-33.4584337441317],[-70.711621483,-33.4584339341317],[-70.7116242399999,-33.4584341041317],[-70.711634588,-33.4584347411317],[-70.711635897,-33.4584348221317],[-70.711636089,-33.4584348341317],[-70.711647555,-33.4584355201317],[-70.711653385,-33.4584358621317],[-70.711659214,-33.4584362031317],[-70.7116708739999,-33.4584368711317],[-70.7116728939999,-33.4584369841316],[-70.711673369,-33.4584370111316],[-70.71167546,-33.4584371281317],[-70.711675509,-33.4584371311317],[-70.711675714,-33.4584371421317],[-70.711676848,-33.4584372051316],[-70.711676987,-33.4584372131317],[-70.7116771409999,-33.4584372221317],[-70.7116823489999,-33.4584375141317],[-70.711683313,-33.4584375671317],[-70.711684033,-33.4584376071317],[-70.711684732,-33.4584376461317],[-70.711686877,-33.4584377631317],[-70.711689602,-33.4584379111317],[-70.711691247,-33.4584380001316],[-70.711694751,-33.4584381911317],[-70.7116948189999,-33.4584381951317],[-70.7116949479999,-33.4584382021317],[-70.711695031,-33.4584382071317],[-70.711695085,-33.4584382101317],[-70.711695172,-33.4584382151317],[-70.7116955449999,-33.4584382351317],[-70.711695676,-33.4584382421316],[-70.7116957759999,-33.4584382471317],[-70.711695893,-33.4584382531317],[-70.7116959649999,-33.4584382571316],[-70.7116960239999,-33.4584382611317],[-70.7116960559999,-33.4584382631317],[-70.711696118,-33.4584382661317],[-70.711696164,-33.4584382681317],[-70.711696209,-33.4584382701317],[-70.711696259,-33.4584382731316],[-70.7116963239999,-33.4584382761317],[-70.7116964379999,-33.4584382821317],[-70.711696495,-33.4584382851316],[-70.711706313,-33.4584388061317],[-70.7117128419999,-33.4584391421317],[-70.7117230389999,-33.4584396681317],[-70.711734634,-33.4584402441317],[-70.711735502,-33.4584402871317],[-70.711740431,-33.4584405301317],[-70.711746229,-33.4584408071317],[-70.7117578249999,-33.4584413571317],[-70.7117645659999,-33.4584416641317],[-70.711775221,-33.4584421501316],[-70.711810016,-33.4584436321317],[-70.711816438,-33.4584438871317],[-70.711821772,-33.4584440981317],[-70.7118249809999,-33.4584442251317],[-70.711827405,-33.4584443201317],[-70.71182765,-33.4584443291317],[-70.7118335279999,-33.4584445521317],[-70.711836848,-33.4584446761316],[-70.7118373009999,-33.4584446931317],[-70.711845286,-33.4584449921317],[-70.7118455249999,-33.4584450011317],[-70.711880403,-33.4584462051317],[-70.711880562,-33.4584462101317],[-70.711880621,-33.4584462121317],[-70.71189624,-33.4584467041317],[-70.711896297,-33.4584467061317],[-70.711898202,-33.4584467661317],[-70.711930819,-33.4584476971317],[-70.711930923,-33.4584477001317],[-70.711931018,-33.4584477021316],[-70.711938704,-33.4584479031317],[-70.711939456,-33.4584479231317],[-70.711941431,-33.4584479741317],[-70.711942414,-33.4584480001317],[-70.711943702,-33.4584480331317],[-70.711944827,-33.4584480611317],[-70.7119482109999,-33.4584481441317],[-70.711951031,-33.4584482131317],[-70.71195253,-33.4584482501316],[-70.711954009,-33.4584482871317],[-70.711954653,-33.4584483021317],[-70.7119600789999,-33.4584484291317],[-70.7119656039999,-33.4584485581317],[-70.7119666259999,-33.4584485801317],[-70.711969951,-33.4584486521316],[-70.711973859,-33.4584487371317],[-70.7119743009999,-33.4584487471317],[-70.711980105,-33.4584488721317],[-70.7119829979999,-33.4584489351317],[-70.711985408,-33.4584489881317],[-70.711986413,-33.4584490101317],[-70.7119966829999,-33.4584492081317],[-70.7119998269999,-33.4584492681317],[-70.712000393,-33.4584492791317],[-70.7120030469999,-33.4584493261317],[-70.712004421,-33.4584493481317],[-70.7120168929999,-33.4584495741317],[-70.7120251429999,-33.4584497111317],[-70.712028001,-33.4584497551316],[-70.7120333939999,-33.4584498371317],[-70.71204958,-33.4584500651317],[-70.712049894,-33.4584500691317],[-70.712055967,-33.4584501371316],[-70.7120828979999,-33.4584504371317],[-70.7121155849999,-33.4584506821317],[-70.712131929,-33.4584507591317],[-70.712136077,-33.4584507761317],[-70.712139587,-33.4584507901317],[-70.712139981,-33.4584507921317],[-70.712140101,-33.4584507921317],[-70.7121455769999,-33.4584508011317],[-70.7121480339999,-33.4584508051317],[-70.712148273,-33.4584508051317],[-70.7121564449999,-33.4584508201317],[-70.712161535,-33.4584508201316],[-70.712163813,-33.4584508201316],[-70.712163875,-33.4584508201317],[-70.712164569,-33.4584508201316],[-70.712164618,-33.4584508201317],[-70.712171133,-33.4584508141317],[-70.7121809619999,-33.4584508041317],[-70.712213649,-33.4584506811317],[-70.7122209469999,-33.4584506331317],[-70.712223162,-33.4584506191317],[-70.7122299929999,-33.4584505741317],[-70.7122300739999,-33.4584505731317],[-70.712246336,-33.4584504361317],[-70.7122626789999,-33.4584502671317],[-70.712266347,-33.4584502211317],[-70.712267808,-33.4584502031317],[-70.712268777,-33.4584501911316],[-70.71226882,-33.4584501901317],[-70.712276119,-33.4584501081317],[-70.712276179,-33.4584501071317],[-70.7122762229999,-33.4584501061317],[-70.712276338,-33.4584501041316],[-70.712276391,-33.4584501031317],[-70.71227664,-33.4584501001317],[-70.712277415,-33.4584500891316],[-70.712278149,-33.4584500791317],[-70.712280037,-33.4584500521317],[-70.712280259,-33.4584500491317],[-70.712283231,-33.4584500081317],[-70.7122832649999,-33.4584500071317],[-70.712283418,-33.4584500051317],[-70.712283627,-33.4584500021317],[-70.712283853,-33.4584499991317],[-70.7122839,-33.4584499981317],[-70.712286423,-33.4584499641317],[-70.7122865859999,-33.4584499621317],[-70.712287349,-33.4584499521317],[-70.7122920689999,-33.4584498881317],[-70.7122928159999,-33.4584498761317],[-70.7122945519999,-33.4584498491317],[-70.712297395,-33.4584498061317],[-70.7122974759999,-33.4584498051317],[-70.7122975089999,-33.4584498051317],[-70.71230073,-33.4584497591317],[-70.712303979,-33.4584497041317],[-70.712304064,-33.4584497031317],[-70.712304354,-33.4584496991317],[-70.7123044969999,-33.4584496971317],[-70.7123045979999,-33.4584496951317],[-70.712305127,-33.4584496871317],[-70.7123089149999,-33.4584496301317],[-70.712309567,-33.4584496201317],[-70.712311125,-33.4584495951317],[-70.71231127,-33.4584495921317],[-70.712311341,-33.4584495911317],[-70.7123113819999,-33.4584495911317],[-70.712312017,-33.4584495801317],[-70.7123125099999,-33.4584495711317],[-70.712314753,-33.4584495311317],[-70.712318185,-33.4584494711317],[-70.71232171,-33.4584494041317],[-70.712327064,-33.4584493041317],[-70.7123312429999,-33.4584492281316],[-70.712346909,-33.4584489161317],[-70.7123475079999,-33.4584489031317],[-70.712347606,-33.4584489011316],[-70.712348815,-33.4584488751317],[-70.712350245,-33.4584488451317],[-70.712352817,-33.4584487901317],[-70.71235382,-33.4584487691317],[-70.7123625739999,-33.4584485731317],[-70.712363775,-33.4584485451317],[-70.71236397,-33.4584485401317],[-70.712366386,-33.4584484841317],[-70.712370471,-33.4584483881317],[-70.712371515,-33.4584483641317],[-70.71237193,-33.4584483541317],[-70.712373686,-33.4584483131317],[-70.712378238,-33.4584482051317],[-70.712380066,-33.4584481581317],[-70.7123803699999,-33.4584481501317],[-70.712409624,-33.4584473821317],[-70.712438876,-33.4584465091317],[-70.712438909,-33.4584465081317],[-70.7124405499999,-33.4584464571317],[-70.7124408879999,-33.4584464471317],[-70.712440933,-33.4584464461317],[-70.7124417159999,-33.4584464221317],[-70.712443341,-33.4584463731317],[-70.7124450909999,-33.4584463171317],[-70.712445771,-33.4584462951317],[-70.712457947,-33.4584458921317],[-70.712457999,-33.4584458901316],[-70.7124613509999,-33.4584457831317],[-70.712462132,-33.4584457581317],[-70.71246257,-33.4584457441317],[-70.7124670009999,-33.4584455851317],[-70.712467046,-33.4584455831317],[-70.7124671019999,-33.4584455811317],[-70.712467192,-33.4584455781317],[-70.712469487,-33.4584454981316],[-70.7124717839999,-33.4584454151317],[-70.712474981,-33.4584453021317],[-70.712475046,-33.4584453001317],[-70.712476441,-33.4584452501317],[-70.71247761,-33.4584452091317],[-70.712477956,-33.4584451971317],[-70.7124784869999,-33.4584451781317],[-70.7124838939999,-33.4584449861317],[-70.712483961,-33.4584449841317],[-70.712484127,-33.4584449781317],[-70.7124881299999,-33.4584448281317],[-70.712488998,-33.4584447951317],[-70.7124893449999,-33.4584447821317],[-70.7124912799999,-33.4584447091317],[-70.712493869,-33.4584446121317],[-70.71249484,-33.4584445751317],[-70.712496379,-33.4584445161317],[-70.712496492,-33.4584445121317],[-70.712496772,-33.4584445011317],[-70.712497185,-33.4584444851317],[-70.7125005,-33.4584443571317],[-70.7125052819999,-33.4584441711316],[-70.712510063,-33.4584439861317],[-70.712510126,-33.4584439841317],[-70.71253817,-33.4584428251317],[-70.7125382569999,-33.4584428211317],[-70.712543899,-33.4584425811317],[-70.712552154,-33.4584422191317],[-70.71255755,-33.4584419821317],[-70.7125712,-33.4584413551317],[-70.7125877249999,-33.4584405701317],[-70.71258799,-33.4584405581317],[-70.7125881709999,-33.4584405491317],[-70.712588335,-33.4584405411317],[-70.712588519,-33.4584405321317],[-70.712596162,-33.4584401631317],[-70.7125962649999,-33.4584401581317],[-70.712596304,-33.4584401561317],[-70.71259638,-33.4584401521317],[-70.71259643,-33.4584401501316],[-70.712596477,-33.4584401481317],[-70.712596557,-33.4584401441316],[-70.712596656,-33.4584401391317],[-70.712596737,-33.4584401351317],[-70.7125971359999,-33.4584401151317],[-70.7125971999999,-33.4584401121316],[-70.712597586,-33.4584400921317],[-70.712604953,-33.4584397181317],[-70.7126051399999,-33.4584397091316],[-70.712613398,-33.4584392871317],[-70.712613518,-33.4584392811317],[-70.712613624,-33.4584392761317],[-70.712621656,-33.4584388581317],[-70.712621896,-33.4584388451317],[-70.7126221079999,-33.4584388341317],[-70.712629261,-33.4584384511316],[-70.7126578799999,-33.4584368871317],[-70.712671423,-33.4584361121317],[-70.7126743919999,-33.4584359371317],[-70.712680994,-33.4584355581316],[-70.7126811259999,-33.4584355501317],[-70.712681259,-33.4584355421317],[-70.712687858,-33.4584351421317],[-70.712692009,-33.4584348891317],[-70.712704291,-33.4584341411316],[-70.7127344529999,-33.4584322211317],[-70.7127354679999,-33.4584321551317],[-70.7127665739999,-33.4584300611316],[-70.71276664,-33.4584300561317],[-70.712769012,-33.4584298951317],[-70.7127700029999,-33.4584298281317],[-70.712770486,-33.4584297941317],[-70.712770567,-33.4584297881317],[-70.7127863979999,-33.4584286741316],[-70.7127864349999,-33.4584286711317],[-70.712786667,-33.4584286551317],[-70.7127867999999,-33.4584286461317],[-70.7127870479999,-33.4584286281317],[-70.712794448,-33.4584281031317],[-70.7127945349999,-33.4584280971317],[-70.712794635,-33.4584280891317],[-70.712796365,-33.4584279611317],[-70.712797665,-33.4584278651317],[-70.712802627,-33.4584275001317],[-70.712802846,-33.4584274841317],[-70.712816468,-33.4584264721317],[-70.712816786,-33.4584264481317],[-70.712816819,-33.4584264451317],[-70.712823525,-33.4584259451317],[-70.712825778,-33.4584257771317],[-70.712826075,-33.4584257551317],[-70.712826473,-33.4584257241317],[-70.712826763,-33.4584257021317],[-70.712828709,-33.4584255521317],[-70.712832863,-33.4584252311317],[-70.71283568,-33.4584250131317],[-70.7128676629999,-33.4584224911317],[-70.712869736,-33.4584223231317],[-70.712873964,-33.4584219771316],[-70.712899637,-33.4584198501317],[-70.7129137169999,-33.4584186461317],[-70.712918897,-33.4584182011317],[-70.712951314,-33.4584153251317],[-70.7129548089999,-33.4584150161316],[-70.712955444,-33.4584149591317],[-70.712955596,-33.4584149451317],[-70.712955946,-33.4584149141317],[-70.712955978,-33.4584149111317],[-70.712956009,-33.4584149081317],[-70.71295607,-33.4584149051317],[-70.7129761859999,-33.4584137241317],[-70.712991425,-33.4584128291317],[-70.713013804,-33.4584115151317],[-70.713017822,-33.4584112791317],[-70.713026395,-33.4584107761317],[-70.713026563,-33.4584107661317],[-70.713048138,-33.4584094991317],[-70.713052389,-33.4584090211317],[-70.713053378,-33.4584089101316],[-70.713061264,-33.4584080221316],[-70.713054087,-33.4584594631317],[-70.713053363,-33.4584646501316],[-70.713052408,-33.4584790111317],[-70.713051967,-33.4584856401317],[-70.713051803,-33.4584881111317],[-70.713051723,-33.4584893101316],[-70.7130516779999,-33.4584899881316],[-70.713051644,-33.4584904961317],[-70.7130529199999,-33.4584902861317],[-70.71305975,-33.4584891621317],[-70.7130768709999,-33.4584863461317],[-70.7130789719999,-33.4584860001317],[-70.7130808369999,-33.4584856931317],[-70.713085517,-33.4584849231317],[-70.713092385,-33.4584837941317],[-70.7130966129999,-33.4584830991317],[-70.7130973279999,-33.4584829811317],[-70.7131015809999,-33.4584822821317],[-70.713116939,-33.4584797561317],[-70.713129948,-33.4584776171317],[-70.713135743,-33.4584766641317],[-70.713142878,-33.4584754911317],[-70.713145464,-33.4584750661316],[-70.713149038,-33.4584744781317],[-70.713173695,-33.4584704231317],[-70.71319856,-33.4584663341317],[-70.713207731,-33.4584648261317],[-70.71323718,-33.4584599831317],[-70.7132546779999,-33.4584571051317],[-70.7132664499999,-33.4584551691317],[-70.713292571,-33.4584508731317],[-70.713308709,-33.4584482191317],[-70.7133600939999,-33.4584397681317],[-70.713376904,-33.4584370041317],[-70.713416759,-33.4584304501317],[-70.713444017,-33.4584259671317],[-70.71355596,-33.4584075571317],[-70.713570284,-33.4584052011316],[-70.713608187,-33.4583989671317],[-70.713611799,-33.4583983731317],[-70.7137999669999,-33.4583674271317],[-70.713865556,-33.4583552261317],[-70.7139677119999,-33.4583362221317],[-70.714066515,-33.4583178411316],[-70.714103985,-33.4583108711317],[-70.7142827119999,-33.4582776231317],[-70.714285014,-33.4582771941316],[-70.714428407,-33.4582505191317],[-70.714499272,-33.4582366961317],[-70.7145334689999,-33.4582300251317],[-70.714740326,-33.4581896751317],[-70.71513485,-33.4581127171317],[-70.715299221,-33.4580806541317],[-70.715364087,-33.4580675241316],[-70.7156310559999,-33.4580134861317],[-70.7158198509999,-33.4579752721317],[-70.715865078,-33.4579661191317],[-70.716207411,-33.4578968251317],[-70.716289016,-33.4578803071317],[-70.716303522,-33.4578773711317],[-70.71653778,-33.4578303841317],[-70.71676232,-33.4577853451317],[-70.7171275649999,-33.4577147601317],[-70.717222476,-33.4576964191317],[-70.717943641,-33.4575570511317],[-70.7179441599999,-33.4575568931317],[-70.717960765,-33.4575518451317],[-70.717974725,-33.4575476011317],[-70.718000858,-33.4575425151316],[-70.718174849,-33.4575086461317],[-70.718294901,-33.4574852771317],[-70.7185882169999,-33.4574281801317],[-70.718667883,-33.4574126731317],[-70.718669174,-33.4574124221317],[-70.718670463,-33.4574121701317],[-70.718673043,-33.4574116681317],[-70.718743769,-33.4573981291317],[-70.7191526139999,-33.4573198621317],[-70.719246707,-33.4573018501317],[-70.719318867,-33.4572880361317],[-70.719899482,-33.4571768881317],[-70.7199169049999,-33.4571735521317],[-70.719917365,-33.4571734651317],[-70.720255696,-33.4571082001317],[-70.720584741,-33.4570447251317],[-70.720584774,-33.4570447311317],[-70.720672786,-33.4570277551317],[-70.721428048,-33.4568820751317],[-70.721832822,-33.4568039981317],[-70.7218437079999,-33.4568018981317],[-70.722420582,-33.4566906271317],[-70.722594936,-33.4566569971317],[-70.723264092,-33.4565279251317],[-70.7233320619999,-33.4565148141317],[-70.7235847919999,-33.4564660671317],[-70.724597971,-33.4562706371317],[-70.7246473339999,-33.4562611151317],[-70.724703596,-33.4562502621317],[-70.724734455,-33.4562443101317],[-70.725204729,-33.4561536011317],[-70.725640813,-33.4560694871317],[-70.726089456,-33.4559829481317],[-70.7260943649999,-33.4559820001317],[-70.726153827,-33.4559705071317],[-70.726514384,-33.4559008081317],[-70.726790281,-33.4558474731317],[-70.726847743,-33.4558363651317],[-70.726937661,-33.4558189831317],[-70.727706019,-33.4556704541317],[-70.728300239,-33.4555555841317],[-70.7284112729999,-33.4555341191317],[-70.728729661,-33.4554725721317],[-70.728790685,-33.4554607761317],[-70.729061314,-33.4554084611317],[-70.729250855,-33.4553718201317],[-70.729300699,-33.4553621851317],[-70.729457074,-33.4553319561317],[-70.729474183,-33.4553286491317],[-70.7296964769999,-33.4552856771317],[-70.729971265,-33.4552325571317],[-70.730196082,-33.4551890981317],[-70.730196242,-33.4551890671317],[-70.7304054099999,-33.4551486331317],[-70.730832457,-33.4550660801317],[-70.730894619,-33.4550540641317],[-70.730917126,-33.4550497131317],[-70.731092138,-33.4550158811317],[-70.731092205,-33.4550158691317],[-70.7312783849999,-33.4549807481317],[-70.731290735,-33.4549784181317],[-70.731296436,-33.4549773421317],[-70.731297636,-33.4549771161317],[-70.7312979339999,-33.4549770601317],[-70.731298021,-33.4549770441317],[-70.7312984069999,-33.4549769711317],[-70.7312984439999,-33.4549769631317],[-70.731298475,-33.4549769581317],[-70.731298656,-33.4549769231317],[-70.731298742,-33.4549769061317],[-70.731298854,-33.4549768851317],[-70.731303034,-33.4549760781317],[-70.7313053349999,-33.4549756341317],[-70.7313083029999,-33.4549750611317],[-70.7313141499999,-33.4549739311317],[-70.731319361,-33.4549729251317],[-70.731320287,-33.4549727461317],[-70.732163123,-33.4548099491317],[-70.732668653,-33.4547123041317],[-70.733323145,-33.4545858871317],[-70.734572047,-33.4543446591317],[-70.7347854229999,-33.4543034431317],[-70.735094761,-33.4542436921317],[-70.7352520969999,-33.4542133011318],[-70.7354691799999,-33.4541713701317],[-70.735592002,-33.4541476461317],[-70.736028194,-33.4540633931317],[-70.736780263,-33.4539181251318],[-70.73871552,-33.4535443121317],[-70.7387255209999,-33.4535423791317],[-70.738765784,-33.4535346031317],[-70.738778592,-33.4535321281317],[-70.738780716,-33.4535317181318],[-70.738791154,-33.4535297031317],[-70.7388079099999,-33.4535264661317],[-70.738818967,-33.4535243301318],[-70.738839949,-33.4535202781317],[-70.738848855,-33.4535185581317],[-70.7388489309999,-33.4535185431317],[-70.738849309,-33.4535184741317],[-70.7388605099999,-33.4535164171317],[-70.738879486,-33.4535129321318],[-70.738883211,-33.4535122481317],[-70.73888332,-33.4535122291317],[-70.7389111269999,-33.4535071211318],[-70.738914682,-33.4535064681317],[-70.7389150019999,-33.4535064101317],[-70.738928153,-33.4535039941317],[-70.7389297029999,-33.4535037091317],[-70.738934006,-33.4535029191317],[-70.7389391949999,-33.4535019661318],[-70.7389530039999,-33.4534994291318],[-70.738953328,-33.4534993701317],[-70.7389539879999,-33.4534971121317],[-70.7389699789999,-33.4534423731318],[-70.7389814859999,-33.4534011631318],[-70.7389888769999,-33.4533746941318],[-70.7389948219999,-33.4533534011317],[-70.738996447,-33.4533475811317],[-70.7389998,-33.4533338631317],[-70.739006245,-33.4533074971317],[-70.739031379,-33.4532046771318],[-70.739051005,-33.4531243871317],[-70.739051863,-33.4531208781318],[-70.739070638,-33.4529672801317],[-70.739073671,-33.4529405461318],[-70.73907994,-33.4528852761317],[-70.7390922869999,-33.4527397681317],[-70.7390923839999,-33.4527383811318],[-70.739092715,-33.4527336931318],[-70.7390960549999,-33.4526863161318],[-70.739097403,-33.4526671931317],[-70.739098857,-33.4526465651317],[-70.739099648,-33.4526353391317],[-70.7391015859999,-33.4526078411318],[-70.739103434,-33.4525816351317],[-70.739004672,-33.4525953121318],[-70.738994439,-33.4525967291318],[-70.738105344,-33.4527198501318],[-70.7366950429999,-33.4529889101318],[-70.735764563,-33.4531685651317],[-70.735260873,-33.4532644621318],[-70.734614184,-33.4533875831318],[-70.7337195109999,-33.4535579091318],[-70.7330651889999,-33.4536888041317],[-70.73238574,-33.4538193991317],[-70.732232133,-33.4538489221317],[-70.732078525,-33.4538784471317],[-70.732075686,-33.4538668621317],[-70.7320320389999,-33.4536888011317],[-70.731973884,-33.4534515501317],[-70.7319538359999,-33.4534549951317],[-70.7317777009999,-33.4534852711318],[-70.7317169,-33.4534957221317],[-70.7316107669999,-33.4535111281317],[-70.731238896,-33.4535651101317],[-70.731063875,-33.4535905161317],[-70.7310655319999,-33.4536741291317],[-70.731073161,-33.4540610261317],[-70.731073306,-33.4540683561318],[-70.730425853,-33.4542036361318],[-70.729936494,-33.4543065851317],[-70.729415761,-33.4544161321317],[-70.7293934109999,-33.4544204341317],[-70.7288601289999,-33.4545230821317],[-70.7287944719999,-33.4542163071317],[-70.728640754,-33.4534980781317],[-70.728501947,-33.4528056211317],[-70.728406782,-33.4523470251318],[-70.728280732,-33.4517040201317],[-70.728280726,-33.4517039881318],[-70.72824966,-33.4515194991318],[-70.728244121,-33.4515196271318],[-70.728050255,-33.4505893781318],[-70.728050168,-33.4505889581318],[-70.727666772,-33.4506987101318],[-70.727478449,-33.4507526201318],[-70.726990476,-33.4508923051318],[-70.7263973,-33.4510661531317],[-70.726397269,-33.4510661621318],[-70.726397218,-33.4510661761318],[-70.725330088,-33.4513749931317],[-70.7251142919999,-33.4514374411317]]]},"properties":{"NUM_UV":"SIN DEF COMUNAL","NOM_UV":"SIN DEF COMUNAL"}}]}